[
  {
    "platform" : "WEBPLAYER",
    "searchTime" : "2022-05-11T08:24:34.995Z[UTC]",
    "searchQuery" : "frawlwy",
    "searchInteractionURIs" : [
    ]
  },
  {
    "platform" : "ANDROID_ARM",
    "searchTime" : "2022-05-11T11:35:41.182Z[UTC]",
    "searchQuery" : "b",
    "searchInteractionURIs" : [
    ]
  },
  {
    "platform" : "ANDROID_ARM",
    "searchTime" : "2022-05-12T01:57:04.084Z[UTC]",
    "searchQuery" : "fa",
    "searchInteractionURIs" : [
    ]
  },
  {
    "platform" : "ANDROID_ARM",
    "searchTime" : "2022-05-12T02:09:06.449Z[UTC]",
    "searchQuery" : "he",
    "searchInteractionURIs" : [
    ]
  },
  {
    "platform" : "WEBPLAYER",
    "searchTime" : "2022-05-12T10:56:42.381Z[UTC]",
    "searchQuery" : "chemical",
    "searchInteractionURIs" : [
    ]
  },
  {
    "platform" : "WEBPLAYER",
    "searchTime" : "2022-05-12T10:57:05.365Z[UTC]",
    "searchQuery" : "checmical ",
    "searchInteractionURIs" : [
    ]
  },
  {
    "platform" : "ANDROID_ARM",
    "searchTime" : "2022-05-13T04:25:50.992Z[UTC]",
    "searchQuery" : "put ",
    "searchInteractionURIs" : [
    ]
  },
  {
    "platform" : "ANDROID_ARM",
    "searchTime" : "2022-05-13T04:25:56.992Z[UTC]",
    "searchQuery" : "put your head",
    "searchInteractionURIs" : [
    ]
  },
  {
    "platform" : "ANDROID_ARM",
    "searchTime" : "2022-05-14T05:04:07.283Z[UTC]",
    "searchQuery" : "m",
    "searchInteractionURIs" : [
    ]
  },
  {
    "platform" : "WEBPLAYER",
    "searchTime" : "2022-05-16T04:00:10.210Z[UTC]",
    "searchQuery" : "slow a",
    "searchInteractionURIs" : [
    ]
  },
  {
    "platform" : "WEBPLAYER",
    "searchTime" : "2022-05-16T14:58:58.400Z[UTC]",
    "searchQuery" : "chains",
    "searchInteractionURIs" : [
    ]
  },
  {
    "platform" : "WEBPLAYER",
    "searchTime" : "2022-05-18T12:41:15.269Z[UTC]",
    "searchQuery" : "coke stu",
    "searchInteractionURIs" : [
    ]
  },
  {
    "platform" : "WEBPLAYER",
    "searchTime" : "2022-05-19T12:09:23.491Z[UTC]",
    "searchQuery" : "G.E.M",
    "searchInteractionURIs" : [
    ]
  },
  {
    "platform" : "WEBPLAYER",
    "searchTime" : "2022-05-19T12:42:33.502Z[UTC]",
    "searchQuery" : "chains",
    "searchInteractionURIs" : [
    ]
  },
  {
    "platform" : "WEBPLAYER",
    "searchTime" : "2022-05-19T12:42:36.940Z[UTC]",
    "searchQuery" : "all of chainsmoker",
    "searchInteractionURIs" : [
    ]
  },
  {
    "platform" : "WEBPLAYER",
    "searchTime" : "2022-05-19T18:34:48.887Z[UTC]",
    "searchQuery" : "indepe",
    "searchInteractionURIs" : [
    ]
  },
  {
    "platform" : "WEBPLAYER",
    "searchTime" : "2022-05-20T10:42:37.067Z[UTC]",
    "searchQuery" : "blackb",
    "searchInteractionURIs" : [
    ]
  },
  {
    "platform" : "ANDROID_ARM",
    "searchTime" : "2022-05-20T11:49:30.978Z[UTC]",
    "searchQuery" : "2",
    "searchInteractionURIs" : [
    ]
  },
  {
    "platform" : "WEBPLAYER",
    "searchTime" : "2022-05-20T11:51:18.728Z[UTC]",
    "searchQuery" : "my gi",
    "searchInteractionURIs" : [
    ]
  },
  {
    "platform" : "WEBPLAYER",
    "searchTime" : "2022-05-20T12:45:30.704Z[UTC]",
    "searchQuery" : "n",
    "searchInteractionURIs" : [
    ]
  },
  {
    "platform" : "ANDROID_ARM",
    "searchTime" : "2022-05-21T03:11:22.955Z[UTC]",
    "searchQuery" : "mondt",
    "searchInteractionURIs" : [
    ]
  },
  {
    "platform" : "ANDROID_ARM",
    "searchTime" : "2022-05-21T03:11:24.607Z[UTC]",
    "searchQuery" : "mona",
    "searchInteractionURIs" : [
    ]
  },
  {
    "platform" : "ANDROID",
    "searchTime" : "2022-05-21T03:11:26.378Z[UTC]",
    "searchQuery" : "monta",
    "searchInteractionURIs" : [
      "spotify:track:5UHvVfewZKxwoB6gdhSFtr"
    ]
  },
  {
    "platform" : "ANDROID",
    "searchTime" : "2022-05-21T15:20:38.028Z[UTC]",
    "searchQuery" : "chowdh",
    "searchInteractionURIs" : [
      "spotify:track:4QSF0d4ENvMXA03ARpMfaP"
    ]
  },
  {
    "platform" : "WEBPLAYER",
    "searchTime" : "2022-05-21T17:35:31.253Z[UTC]",
    "searchQuery" : "nagad",
    "searchInteractionURIs" : [
    ]
  },
  {
    "platform" : "ANDROID",
    "searchTime" : "2022-05-21T17:49:01.059Z[UTC]",
    "searchQuery" : "chowdh",
    "searchInteractionURIs" : [
    ]
  },
  {
    "platform" : "ANDROID",
    "searchTime" : "2022-05-22T08:27:56.659Z[UTC]",
    "searchQuery" : "local",
    "searchInteractionURIs" : [
      "spotify:artist:7b6Ui7JVaBDEfZB9k6nHL0"
    ]
  },
  {
    "platform" : "WEBPLAYER",
    "searchTime" : "2022-05-22T12:02:45.726Z[UTC]",
    "searchQuery" : "i",
    "searchInteractionURIs" : [
    ]
  },
  {
    "platform" : "WEBPLAYER",
    "searchTime" : "2022-05-22T12:02:47.363Z[UTC]",
    "searchQuery" : "if we n",
    "searchInteractionURIs" : [
    ]
  },
  {
    "platform" : "WEBPLAYER",
    "searchTime" : "2022-05-22T12:02:47.928Z[UTC]",
    "searchQuery" : "if we never ",
    "searchInteractionURIs" : [
    ]
  },
  {
    "platform" : "ANDROID_ARM",
    "searchTime" : "2022-05-23T15:09:53.702Z[UTC]",
    "searchQuery" : "roll",
    "searchInteractionURIs" : [
    ]
  },
  {
    "platform" : "ANDROID",
    "searchTime" : "2022-05-23T15:09:54.079Z[UTC]",
    "searchQuery" : "rolling ",
    "searchInteractionURIs" : [
      "spotify:track:4OSBTYWVwsQhGLF9NHvIbR"
    ]
  },
  {
    "platform" : "ANDROID",
    "searchTime" : "2022-05-23T17:44:32.908Z[UTC]",
    "searchQuery" : "asyr",
    "searchInteractionURIs" : [
      "spotify:track:3Ofmpyhv5UAQ70mENzB277"
    ]
  },
  {
    "platform" : "ANDROID",
    "searchTime" : "2022-05-23T18:02:20.311Z[UTC]",
    "searchQuery" : "new girl",
    "searchInteractionURIs" : [
      "spotify:track:5xtBRnNNSUihY0J6zi4Ytc"
    ]
  },
  {
    "platform" : "ANDROID_ARM",
    "searchTime" : "2022-05-23T18:10:54.472Z[UTC]",
    "searchQuery" : "yu",
    "searchInteractionURIs" : [
    ]
  },
  {
    "platform" : "ANDROID",
    "searchTime" : "2022-05-23T18:10:57.818Z[UTC]",
    "searchQuery" : "yunblo",
    "searchInteractionURIs" : [
      "spotify:track:5v4OkFH0TJ6W1hCFxyn0px"
    ]
  },
  {
    "platform" : "WEBPLAYER",
    "searchTime" : "2022-05-24T17:35:44.692Z[UTC]",
    "searchQuery" : "jhak maa",
    "searchInteractionURIs" : [
    ]
  },
  {
    "platform" : "WEBPLAYER",
    "searchTime" : "2022-05-24T17:35:46.514Z[UTC]",
    "searchQuery" : "jhak maar ke",
    "searchInteractionURIs" : [
    ]
  },
  {
    "platform" : "WEBPLAYER",
    "searchTime" : "2022-05-24T17:35:46.580Z[UTC]",
    "searchQuery" : "jhak maar ke",
    "searchInteractionURIs" : [
    ]
  },
  {
    "platform" : "WEBPLAYER",
    "searchTime" : "2022-05-24T17:35:53.933Z[UTC]",
    "searchQuery" : "kartik calle",
    "searchInteractionURIs" : [
    ]
  },
  {
    "platform" : "WEBPLAYER",
    "searchTime" : "2022-05-24T18:07:27.950Z[UTC]",
    "searchQuery" : "m",
    "searchInteractionURIs" : [
    ]
  },
  {
    "platform" : "WEBPLAYER",
    "searchTime" : "2022-05-24T18:07:35.163Z[UTC]",
    "searchQuery" : "ma",
    "searchInteractionURIs" : [
    ]
  },
  {
    "platform" : "WEBPLAYER",
    "searchTime" : "2022-05-24T18:07:38.631Z[UTC]",
    "searchQuery" : "mauj ",
    "searchInteractionURIs" : [
    ]
  },
  {
    "platform" : "WEBPLAYER",
    "searchTime" : "2022-05-24T18:07:41.381Z[UTC]",
    "searchQuery" : "mauj ma",
    "searchInteractionURIs" : [
    ]
  },
  {
    "platform" : "WEBPLAYER",
    "searchTime" : "2022-05-24T18:07:41.860Z[UTC]",
    "searchQuery" : "mauj mar ",
    "searchInteractionURIs" : [
    ]
  },
  {
    "platform" : "WEBPLAYER",
    "searchTime" : "2022-05-24T18:07:43.001Z[UTC]",
    "searchQuery" : "mauj mar ke",
    "searchInteractionURIs" : [
    ]
  },
  {
    "platform" : "WEBPLAYER",
    "searchTime" : "2022-05-24T18:07:44.284Z[UTC]",
    "searchQuery" : "mauj mar ",
    "searchInteractionURIs" : [
    ]
  },
  {
    "platform" : "WEBPLAYER",
    "searchTime" : "2022-05-24T18:07:46.216Z[UTC]",
    "searchQuery" : "de",
    "searchInteractionURIs" : [
    ]
  },
  {
    "platform" : "ANDROID",
    "searchTime" : "2022-05-24T18:26:45.778Z[UTC]",
    "searchQuery" : "u",
    "searchInteractionURIs" : [
      "spotify:track:0og9wKFGgFFNQnrBe7eisG"
    ]
  },
  {
    "platform" : "ANDROID",
    "searchTime" : "2022-05-26T17:54:17.780Z[UTC]",
    "searchQuery" : "man without love",
    "searchInteractionURIs" : [
      "spotify:track:0oUBuOO4g9P4lREqfqR5nq"
    ]
  },
  {
    "platform" : "ANDROID_ARM",
    "searchTime" : "2022-05-26T19:53:12.068Z[UTC]",
    "searchQuery" : "h",
    "searchInteractionURIs" : [
    ]
  },
  {
    "platform" : "ANDROID",
    "searchTime" : "2022-05-26T19:53:13.035Z[UTC]",
    "searchQuery" : "hold back",
    "searchInteractionURIs" : [
      "spotify:track:1KZyVnyptQcPzkx7ELCnZC"
    ]
  },
  {
    "platform" : "WEBPLAYER",
    "searchTime" : "2022-05-27T07:11:46.349Z[UTC]",
    "searchQuery" : "The Ballad Of Cleopatra",
    "searchInteractionURIs" : [
    ]
  },
  {
    "platform" : "WEBPLAYER",
    "searchTime" : "2022-05-27T07:31:20.348Z[UTC]",
    "searchQuery" : "uff ter",
    "searchInteractionURIs" : [
    ]
  },
  {
    "platform" : "WEBPLAYER",
    "searchTime" : "2022-05-27T07:31:21.863Z[UTC]",
    "searchQuery" : "uff teri adda",
    "searchInteractionURIs" : [
    ]
  },
  {
    "platform" : "WEBPLAYER",
    "searchTime" : "2022-05-27T07:31:35.624Z[UTC]",
    "searchQuery" : "uff teri adda",
    "searchInteractionURIs" : [
    ]
  },
  {
    "platform" : "ANDROID_ARM",
    "searchTime" : "2022-05-27T08:32:05.679Z[UTC]",
    "searchQuery" : "u",
    "searchInteractionURIs" : [
    ]
  },
  {
    "platform" : "ANDROID",
    "searchTime" : "2022-05-27T08:32:07.149Z[UTC]",
    "searchQuery" : "uff ter",
    "searchInteractionURIs" : [
      "spotify:track:0og9wKFGgFFNQnrBe7eisG"
    ]
  },
  {
    "platform" : "WEBPLAYER",
    "searchTime" : "2022-05-27T15:58:40.751Z[UTC]",
    "searchQuery" : "q",
    "searchInteractionURIs" : [
    ]
  },
  {
    "platform" : "WEBPLAYER",
    "searchTime" : "2022-05-27T15:58:41.083Z[UTC]",
    "searchQuery" : "qu",
    "searchInteractionURIs" : [
    ]
  },
  {
    "platform" : "WEBPLAYER",
    "searchTime" : "2022-05-27T15:58:41.897Z[UTC]",
    "searchQuery" : "quoa",
    "searchInteractionURIs" : [
    ]
  },
  {
    "platform" : "WEBPLAYER",
    "searchTime" : "2022-05-27T15:58:44.025Z[UTC]",
    "searchQuery" : "qualma",
    "searchInteractionURIs" : [
    ]
  },
  {
    "platform" : "WEBPLAYER",
    "searchTime" : "2022-05-27T15:58:48.410Z[UTC]",
    "searchQuery" : "coalma",
    "searchInteractionURIs" : [
    ]
  },
  {
    "platform" : "WEBPLAYER",
    "searchTime" : "2022-05-27T16:45:17.385Z[UTC]",
    "searchQuery" : "psummer ",
    "searchInteractionURIs" : [
    ]
  },
  {
    "platform" : "WEBPLAYER",
    "searchTime" : "2022-05-27T16:45:21.167Z[UTC]",
    "searchQuery" : "summer block",
    "searchInteractionURIs" : [
    ]
  },
  {
    "platform" : "WEBPLAYER",
    "searchTime" : "2022-05-27T16:45:34.355Z[UTC]",
    "searchQuery" : "Sommersturm",
    "searchInteractionURIs" : [
    ]
  },
  {
    "platform" : "WEBPLAYER",
    "searchTime" : "2022-05-27T16:45:39.289Z[UTC]",
    "searchQuery" : "pa",
    "searchInteractionURIs" : [
    ]
  },
  {
    "platform" : "WEBPLAYER",
    "searchTime" : "2022-05-27T16:45:42.692Z[UTC]",
    "searchQuery" : "pachnain",
    "searchInteractionURIs" : [
    ]
  },
  {
    "platform" : "WEBPLAYER",
    "searchTime" : "2022-05-27T17:07:12.509Z[UTC]",
    "searchQuery" : "h",
    "searchInteractionURIs" : [
    ]
  },
  {
    "platform" : "WEBPLAYER",
    "searchTime" : "2022-05-27T17:07:33.051Z[UTC]",
    "searchQuery" : "malun",
    "searchInteractionURIs" : [
    ]
  },
  {
    "platform" : "ANDROID_ARM",
    "searchTime" : "2022-05-28T03:25:12.018Z[UTC]",
    "searchQuery" : "m",
    "searchInteractionURIs" : [
    ]
  },
  {
    "platform" : "ANDROID",
    "searchTime" : "2022-05-28T03:25:13.114Z[UTC]",
    "searchQuery" : "man without ",
    "searchInteractionURIs" : [
      "spotify:track:0oUBuOO4g9P4lREqfqR5nq",
      "spotify:track:0oUBuOO4g9P4lREqfqR5nq",
      "spotify:track:0oUBuOO4g9P4lREqfqR5nq"
    ]
  },
  {
    "platform" : "ANDROID",
    "searchTime" : "2022-05-29T07:13:27.605Z[UTC]",
    "searchQuery" : "namo",
    "searchInteractionURIs" : [
    ]
  },
  {
    "platform" : "ANDROID",
    "searchTime" : "2022-05-29T07:13:40.144Z[UTC]",
    "searchQuery" : "amit",
    "searchInteractionURIs" : [
      "spotify:artist:7HCqGPJcQTyGJ2yqntbuyr"
    ]
  },
  {
    "platform" : "WEBPLAYER",
    "searchTime" : "2022-05-29T08:58:35.304Z[UTC]",
    "searchQuery" : "wia",
    "searchInteractionURIs" : [
    ]
  },
  {
    "platform" : "WEBPLAYER",
    "searchTime" : "2022-05-29T08:58:36.707Z[UTC]",
    "searchQuery" : "wait ",
    "searchInteractionURIs" : [
    ]
  },
  {
    "platform" : "WEBPLAYER",
    "searchTime" : "2022-05-29T10:10:59.948Z[UTC]",
    "searchQuery" : "the b",
    "searchInteractionURIs" : [
    ]
  },
  {
    "platform" : "WEBPLAYER",
    "searchTime" : "2022-05-29T10:11:01.065Z[UTC]",
    "searchQuery" : "the ",
    "searchInteractionURIs" : [
    ]
  },
  {
    "platform" : "WEBPLAYER",
    "searchTime" : "2022-05-29T10:11:01.892Z[UTC]",
    "searchQuery" : "the ni",
    "searchInteractionURIs" : [
    ]
  },
  {
    "platform" : "WEBPLAYER",
    "searchTime" : "2022-05-29T12:39:35.717Z[UTC]",
    "searchQuery" : "lost in the ",
    "searchInteractionURIs" : [
    ]
  },
  {
    "platform" : "WEBPLAYER",
    "searchTime" : "2022-05-29T12:39:36.723Z[UTC]",
    "searchQuery" : "lost in the so",
    "searchInteractionURIs" : [
    ]
  },
  {
    "platform" : "WEBPLAYER",
    "searchTime" : "2022-05-29T12:39:37.586Z[UTC]",
    "searchQuery" : "lost in the sounf",
    "searchInteractionURIs" : [
    ]
  },
  {
    "platform" : "WEBPLAYER",
    "searchTime" : "2022-05-29T12:42:01.255Z[UTC]",
    "searchQuery" : "t",
    "searchInteractionURIs" : [
    ]
  },
  {
    "platform" : "WEBPLAYER",
    "searchTime" : "2022-05-29T12:42:02.034Z[UTC]",
    "searchQuery" : "tayl",
    "searchInteractionURIs" : [
    ]
  },
  {
    "platform" : "WEBPLAYER",
    "searchTime" : "2022-05-29T12:42:27.015Z[UTC]",
    "searchQuery" : "boi",
    "searchInteractionURIs" : [
    ]
  },
  {
    "platform" : "WEBPLAYER",
    "searchTime" : "2022-05-29T12:42:27.088Z[UTC]",
    "searchQuery" : "boi",
    "searchInteractionURIs" : [
    ]
  },
  {
    "platform" : "WEBPLAYER",
    "searchTime" : "2022-05-29T12:42:27.919Z[UTC]",
    "searchQuery" : "bil",
    "searchInteractionURIs" : [
    ]
  },
  {
    "platform" : "WEBPLAYER",
    "searchTime" : "2022-05-29T12:42:28.210Z[UTC]",
    "searchQuery" : "bili",
    "searchInteractionURIs" : [
    ]
  },
  {
    "platform" : "WEBPLAYER",
    "searchTime" : "2022-05-29T12:42:35.121Z[UTC]",
    "searchQuery" : "billy ",
    "searchInteractionURIs" : [
    ]
  },
  {
    "platform" : "ANDROID",
    "searchTime" : "2022-05-29T16:51:48.582Z[UTC]",
    "searchQuery" : "sidhy",
    "searchInteractionURIs" : [
      "spotify:artist:4PULA4EFzYTrxYvOVlwpiQ"
    ]
  },
  {
    "platform" : "ANDROID",
    "searchTime" : "2022-05-29T18:50:02.311Z[UTC]",
    "searchQuery" : "atlas",
    "searchInteractionURIs" : [
      "spotify:album:2estDSavGQ2q3IHLbzxkSE"
    ]
  },
  {
    "platform" : "WEBPLAYER",
    "searchTime" : "2022-05-30T05:01:25.671Z[UTC]",
    "searchQuery" : "p",
    "searchInteractionURIs" : [
    ]
  },
  {
    "platform" : "WEBPLAYER",
    "searchTime" : "2022-05-30T05:01:25.997Z[UTC]",
    "searchQuery" : "pho",
    "searchInteractionURIs" : [
    ]
  },
  {
    "platform" : "WEBPLAYER",
    "searchTime" : "2022-05-30T05:19:10.837Z[UTC]",
    "searchQuery" : "young",
    "searchInteractionURIs" : [
    ]
  },
  {
    "platform" : "WEBPLAYER",
    "searchTime" : "2022-05-30T06:29:08.929Z[UTC]",
    "searchQuery" : "arcticc",
    "searchInteractionURIs" : [
    ]
  },
  {
    "platform" : "WEBPLAYER",
    "searchTime" : "2022-05-30T06:29:09.705Z[UTC]",
    "searchQuery" : "arctic mo",
    "searchInteractionURIs" : [
    ]
  },
  {
    "platform" : "WEBPLAYER",
    "searchTime" : "2022-05-30T07:55:51.848Z[UTC]",
    "searchQuery" : "roots",
    "searchInteractionURIs" : [
    ]
  },
  {
    "platform" : "WEBPLAYER",
    "searchTime" : "2022-05-30T08:18:05.394Z[UTC]",
    "searchQuery" : "if i ",
    "searchInteractionURIs" : [
    ]
  },
  {
    "platform" : "ANDROID",
    "searchTime" : "2022-05-30T13:22:07.506Z[UTC]",
    "searchQuery" : "sea ",
    "searchInteractionURIs" : [
      "spotify:track:5mkoR8mVrEwpDQc9y54sM2",
      "spotify:track:5mkoR8mVrEwpDQc9y54sM2"
    ]
  },
  {
    "platform" : "ANDROID",
    "searchTime" : "2022-05-30T13:41:04.788Z[UTC]",
    "searchQuery" : "sea ",
    "searchInteractionURIs" : [
    ]
  },
  {
    "platform" : "ANDROID_ARM",
    "searchTime" : "2022-05-31T14:22:10.416Z[UTC]",
    "searchQuery" : "popupop mix",
    "searchInteractionURIs" : [
    ]
  },
  {
    "platform" : "ANDROID",
    "searchTime" : "2022-05-31T14:22:10.436Z[UTC]",
    "searchQuery" : "pop mix",
    "searchInteractionURIs" : [
      "spotify:playlist:77GjwNjVm1EIAataYIYZ5v"
    ]
  },
  {
    "platform" : "ANDROID_ARM",
    "searchTime" : "2022-05-31T14:22:10.541Z[UTC]",
    "searchQuery" : "popop mix",
    "searchInteractionURIs" : [
    ]
  },
  {
    "platform" : "ANDROID_ARM",
    "searchTime" : "2022-05-31T15:44:47.706Z[UTC]",
    "searchQuery" : "the ",
    "searchInteractionURIs" : [
    ]
  },
  {
    "platform" : "ANDROID_ARM",
    "searchTime" : "2022-05-31T15:44:47.828Z[UTC]",
    "searchQuery" : "the s",
    "searchInteractionURIs" : [
    ]
  },
  {
    "platform" : "ANDROID",
    "searchTime" : "2022-05-31T15:44:48.209Z[UTC]",
    "searchQuery" : "the sxore",
    "searchInteractionURIs" : [
    ]
  },
  {
    "platform" : "ANDROID",
    "searchTime" : "2022-05-31T15:44:55.711Z[UTC]",
    "searchQuery" : "what i want",
    "searchInteractionURIs" : [
      "spotify:track:0e8nrvls4Qqv5Rfa2UhqmO"
    ]
  },
  {
    "platform" : "ANDROID",
    "searchTime" : "2022-05-31T15:45:44.791Z[UTC]",
    "searchQuery" : "maroon 5",
    "searchInteractionURIs" : [
      "spotify:artist:04gDigrS5kc9YWfZHwBETP"
    ]
  },
  {
    "platform" : "WEBPLAYER",
    "searchTime" : "2022-05-31T20:32:04.160Z[UTC]",
    "searchQuery" : "aankho mei teriq",
    "searchInteractionURIs" : [
    ]
  },
  {
    "platform" : "WEBPLAYER",
    "searchTime" : "2022-05-31T20:37:09.304Z[UTC]",
    "searchQuery" : "o meri laila",
    "searchInteractionURIs" : [
    ]
  },
  {
    "platform" : "ANDROID_ARM",
    "searchTime" : "2022-05-31T21:13:50.993Z[UTC]",
    "searchQuery" : "p",
    "searchInteractionURIs" : [
    ]
  },
  {
    "platform" : "ANDROID",
    "searchTime" : "2022-05-31T21:13:51.361Z[UTC]",
    "searchQuery" : "photo",
    "searchInteractionURIs" : [
      "spotify:track:1HNkqx9Ahdgi1Ixy2xkKkL"
    ]
  },
  {
    "platform" : "ANDROID",
    "searchTime" : "2022-05-31T21:24:11.756Z[UTC]",
    "searchQuery" : "priyanshi",
    "searchInteractionURIs" : [
    ]
  },
  {
    "platform" : "ANDROID_ARM",
    "searchTime" : "2022-05-31T21:24:11.770Z[UTC]",
    "searchQuery" : "priyans",
    "searchInteractionURIs" : [
    ]
  },
  {
    "platform" : "WEBPLAYER",
    "searchTime" : "2022-05-31T21:35:17.691Z[UTC]",
    "searchQuery" : "young d",
    "searchInteractionURIs" : [
    ]
  },
  {
    "platform" : "WEBPLAYER",
    "searchTime" : "2022-05-31T21:35:17.969Z[UTC]",
    "searchQuery" : "young du",
    "searchInteractionURIs" : [
    ]
  },
  {
    "platform" : "WEBPLAYER",
    "searchTime" : "2022-05-31T21:38:59.510Z[UTC]",
    "searchQuery" : "youn",
    "searchInteractionURIs" : [
    ]
  },
  {
    "platform" : "WEBPLAYER",
    "searchTime" : "2022-05-31T21:39:43.938Z[UTC]",
    "searchQuery" : "red pills ",
    "searchInteractionURIs" : [
    ]
  },
  {
    "platform" : "ANDROID",
    "searchTime" : "2022-06-01T02:17:14.088Z[UTC]",
    "searchQuery" : "young",
    "searchInteractionURIs" : [
      "spotify:track:2iUXsYOEPhVqEBwsqP70rE"
    ]
  },
  {
    "platform" : "ANDROID_ARM",
    "searchTime" : "2022-06-01T03:12:42.851Z[UTC]",
    "searchQuery" : "tu ",
    "searchInteractionURIs" : [
    ]
  },
  {
    "platform" : "ANDROID_ARM",
    "searchTime" : "2022-06-01T03:12:42.861Z[UTC]",
    "searchQuery" : "tu j",
    "searchInteractionURIs" : [
    ]
  },
  {
    "platform" : "ANDROID_ARM",
    "searchTime" : "2022-06-01T03:12:57.638Z[UTC]",
    "searchQuery" : "arif",
    "searchInteractionURIs" : [
    ]
  },
  {
    "platform" : "ANDROID",
    "searchTime" : "2022-06-01T03:12:57.952Z[UTC]",
    "searchQuery" : "atif ",
    "searchInteractionURIs" : [
      "spotify:artist:2oSONSC9zQ4UonDKnLqksx"
    ]
  },
  {
    "platform" : "WEBPLAYER",
    "searchTime" : "2022-06-01T13:35:15.592Z[UTC]",
    "searchQuery" : "world",
    "searchInteractionURIs" : [
    ]
  },
  {
    "platform" : "WEBPLAYER",
    "searchTime" : "2022-06-01T13:35:18.014Z[UTC]",
    "searchQuery" : "world war joy",
    "searchInteractionURIs" : [
    ]
  },
  {
    "platform" : "WEBPLAYER",
    "searchTime" : "2022-06-01T20:25:16.930Z[UTC]",
    "searchQuery" : "i guess i am ",
    "searchInteractionURIs" : [
    ]
  },
  {
    "platform" : "WEBPLAYER",
    "searchTime" : "2022-06-01T20:25:17.163Z[UTC]",
    "searchQuery" : "i guess i am in",
    "searchInteractionURIs" : [
    ]
  },
  {
    "platform" : "WEBPLAYER",
    "searchTime" : "2022-06-01T20:35:50.134Z[UTC]",
    "searchQuery" : "tu jhoom",
    "searchInteractionURIs" : [
    ]
  },
  {
    "platform" : "WEBPLAYER",
    "searchTime" : "2022-06-01T20:36:02.193Z[UTC]",
    "searchQuery" : "chowd",
    "searchInteractionURIs" : [
    ]
  },
  {
    "platform" : "WEBPLAYER",
    "searchTime" : "2022-06-01T20:36:02.615Z[UTC]",
    "searchQuery" : "chowdha",
    "searchInteractionURIs" : [
    ]
  },
  {
    "platform" : "ANDROID_ARM",
    "searchTime" : "2022-06-02T03:02:39.117Z[UTC]",
    "searchQuery" : "one ki",
    "searchInteractionURIs" : [
    ]
  },
  {
    "platform" : "ANDROID",
    "searchTime" : "2022-06-02T03:02:40.075Z[UTC]",
    "searchQuery" : "one kiss",
    "searchInteractionURIs" : [
      "spotify:track:7ef4DlsgrMEH11cDZd32M6",
      "spotify:track:76cy1WJvNGJTj78UqeA5zr"
    ]
  },
  {
    "platform" : "ANDROID",
    "searchTime" : "2022-06-03T06:03:55.784Z[UTC]",
    "searchQuery" : "hail",
    "searchInteractionURIs" : [
      "spotify:artist:5p7f24Rk5HkUZsaS3BLG5F"
    ]
  },
  {
    "platform" : "ANDROID",
    "searchTime" : "2022-06-03T06:04:45Z[UTC]",
    "searchQuery" : "hals",
    "searchInteractionURIs" : [
      "spotify:artist:26VFTg2z8YR0cCuwLzESi2",
      "spotify:artist:26VFTg2z8YR0cCuwLzESi2"
    ]
  },
  {
    "platform" : "ANDROID_ARM",
    "searchTime" : "2022-06-04T03:08:35.401Z[UTC]",
    "searchQuery" : "imagine",
    "searchInteractionURIs" : [
    ]
  },
  {
    "platform" : "ANDROID",
    "searchTime" : "2022-06-04T03:08:35.840Z[UTC]",
    "searchQuery" : "imagine ",
    "searchInteractionURIs" : [
      "spotify:artist:53XhwfbYqKCa1cC15pYq2q"
    ]
  },
  {
    "platform" : "WEBPLAYER",
    "searchTime" : "2022-06-04T16:12:07.710Z[UTC]",
    "searchQuery" : "that's what",
    "searchInteractionURIs" : [
    ]
  },
  {
    "platform" : "WEBPLAYER",
    "searchTime" : "2022-06-04T16:12:10.147Z[UTC]",
    "searchQuery" : "that's what i ",
    "searchInteractionURIs" : [
    ]
  },
  {
    "platform" : "WEBPLAYER",
    "searchTime" : "2022-06-06T15:44:45.175Z[UTC]",
    "searchQuery" : "bones",
    "searchInteractionURIs" : [
    ]
  },
  {
    "platform" : "WEBPLAYER",
    "searchTime" : "2022-06-06T15:48:20.587Z[UTC]",
    "searchQuery" : "imagine drag",
    "searchInteractionURIs" : [
    ]
  },
  {
    "platform" : "ANDROID_ARM",
    "searchTime" : "2022-06-07T02:26:36.323Z[UTC]",
    "searchQuery" : "o",
    "searchInteractionURIs" : [
    ]
  },
  {
    "platform" : "ANDROID_ARM",
    "searchTime" : "2022-06-07T02:26:39.181Z[UTC]",
    "searchQuery" : "b",
    "searchInteractionURIs" : [
    ]
  },
  {
    "platform" : "ANDROID",
    "searchTime" : "2022-06-07T02:26:40.018Z[UTC]",
    "searchQuery" : "bones",
    "searchInteractionURIs" : [
      "spotify:track:0HqZX76SFLDz2aW8aiqi7G"
    ]
  },
  {
    "platform" : "ANDROID",
    "searchTime" : "2022-06-07T06:36:02.194Z[UTC]",
    "searchQuery" : "bones",
    "searchInteractionURIs" : [
    ]
  },
  {
    "platform" : "ANDROID",
    "searchTime" : "2022-06-09T01:38:50.045Z[UTC]",
    "searchQuery" : "monster",
    "searchInteractionURIs" : [
      "spotify:track:4uyDe8SeM0Nsgzp9KMtXWn"
    ]
  },
  {
    "platform" : "ANDROID_ARM",
    "searchTime" : "2022-06-09T16:15:05.096Z[UTC]",
    "searchQuery" : "nic",
    "searchInteractionURIs" : [
    ]
  },
  {
    "platform" : "ANDROID",
    "searchTime" : "2022-06-09T16:15:05.892Z[UTC]",
    "searchQuery" : "nice to me",
    "searchInteractionURIs" : [
      "spotify:track:3cphb8kdsjElYR7r5icK3H",
      "spotify:track:0DrFTaAX2srXPkuag35djb"
    ]
  },
  {
    "platform" : "ANDROID",
    "searchTime" : "2022-06-10T09:31:01.617Z[UTC]",
    "searchQuery" : "chainsmok",
    "searchInteractionURIs" : [
    ]
  },
  {
    "platform" : "ANDROID_ARM",
    "searchTime" : "2022-06-10T09:31:04.153Z[UTC]",
    "searchQuery" : "the ",
    "searchInteractionURIs" : [
    ]
  },
  {
    "platform" : "ANDROID_ARM",
    "searchTime" : "2022-06-10T09:31:04.920Z[UTC]",
    "searchQuery" : "the lova",
    "searchInteractionURIs" : [
    ]
  },
  {
    "platform" : "ANDROID",
    "searchTime" : "2022-06-10T09:31:05.473Z[UTC]",
    "searchQuery" : "the local",
    "searchInteractionURIs" : [
      "spotify:artist:7b6Ui7JVaBDEfZB9k6nHL0"
    ]
  },
  {
    "platform" : "WEBPLAYER",
    "searchTime" : "2022-06-10T16:45:11.822Z[UTC]",
    "searchQuery" : "lonely i",
    "searchInteractionURIs" : [
    ]
  },
  {
    "platform" : "WEBPLAYER",
    "searchTime" : "2022-06-10T16:45:12.872Z[UTC]",
    "searchQuery" : "lonely imagi",
    "searchInteractionURIs" : [
    ]
  },
  {
    "platform" : "WEBPLAYER",
    "searchTime" : "2022-06-10T16:45:12.950Z[UTC]",
    "searchQuery" : "lonely imagi",
    "searchInteractionURIs" : [
    ]
  },
  {
    "platform" : "WEBPLAYER",
    "searchTime" : "2022-06-11T06:30:43.978Z[UTC]",
    "searchQuery" : "AK",
    "searchInteractionURIs" : [
    ]
  },
  {
    "platform" : "WEBPLAYER",
    "searchTime" : "2022-06-11T06:38:28.939Z[UTC]",
    "searchQuery" : "arya ",
    "searchInteractionURIs" : [
    ]
  },
  {
    "platform" : "WEBPLAYER",
    "searchTime" : "2022-06-11T06:38:33.953Z[UTC]",
    "searchQuery" : "arya + ashok",
    "searchInteractionURIs" : [
    ]
  },
  {
    "platform" : "WEBPLAYER",
    "searchTime" : "2022-06-11T06:38:37.148Z[UTC]",
    "searchQuery" : "arya + ",
    "searchInteractionURIs" : [
    ]
  },
  {
    "platform" : "ANDROID_ARM",
    "searchTime" : "2022-06-11T08:00:49.995Z[UTC]",
    "searchQuery" : "ka",
    "searchInteractionURIs" : [
    ]
  },
  {
    "platform" : "ANDROID",
    "searchTime" : "2022-06-11T08:00:50.531Z[UTC]",
    "searchQuery" : "kashmir",
    "searchInteractionURIs" : [
      "spotify:track:5orNEFkFG4RP24goF02AuD"
    ]
  },
  {
    "platform" : "ANDROID_ARM",
    "searchTime" : "2022-06-11T08:00:50.663Z[UTC]",
    "searchQuery" : "kashm",
    "searchInteractionURIs" : [
    ]
  },
  {
    "platform" : "ANDROID_ARM",
    "searchTime" : "2022-06-11T08:00:50.755Z[UTC]",
    "searchQuery" : "kashmi",
    "searchInteractionURIs" : [
    ]
  },
  {
    "platform" : "ANDROID",
    "searchTime" : "2022-06-11T19:32:16.466Z[UTC]",
    "searchQuery" : "arcti",
    "searchInteractionURIs" : [
      "spotify:artist:7Ln80lUS6He07XvHI8qqHH"
    ]
  },
  {
    "platform" : "WEBPLAYER",
    "searchTime" : "2022-06-11T22:06:17.792Z[UTC]",
    "searchQuery" : "GR",
    "searchInteractionURIs" : [
    ]
  },
  {
    "platform" : "WEBPLAYER",
    "searchTime" : "2022-06-11T22:06:17.863Z[UTC]",
    "searchQuery" : "GR",
    "searchInteractionURIs" : [
    ]
  },
  {
    "platform" : "WEBPLAYER",
    "searchTime" : "2022-06-11T22:06:30.097Z[UTC]",
    "searchQuery" : "G.",
    "searchInteractionURIs" : [
    ]
  },
  {
    "platform" : "ANDROID",
    "searchTime" : "2022-06-13T02:38:54.644Z[UTC]",
    "searchQuery" : "lost",
    "searchInteractionURIs" : [
      "spotify:track:3GZD6HmiNUhxXYf8Gch723",
      "spotify:track:0lG6QM1jjbbX5UUn3DPmrZ"
    ]
  },
  {
    "platform" : "ANDROID",
    "searchTime" : "2022-06-13T03:41:48.284Z[UTC]",
    "searchQuery" : "moves like",
    "searchInteractionURIs" : [
      "spotify:track:33d10LAl3HwvH2IJCOxfgy"
    ]
  },
  {
    "platform" : "ANDROID_ARM",
    "searchTime" : "2022-06-13T05:36:30.112Z[UTC]",
    "searchQuery" : "loos",
    "searchInteractionURIs" : [
    ]
  },
  {
    "platform" : "ANDROID",
    "searchTime" : "2022-06-13T05:36:35.415Z[UTC]",
    "searchQuery" : "loosing you",
    "searchInteractionURIs" : [
    ]
  },
  {
    "platform" : "ANDROID_ARM",
    "searchTime" : "2022-06-13T05:36:47.423Z[UTC]",
    "searchQuery" : "Stephen",
    "searchInteractionURIs" : [
    ]
  },
  {
    "platform" : "ANDROID",
    "searchTime" : "2022-06-13T05:36:48.552Z[UTC]",
    "searchQuery" : "Stephen da",
    "searchInteractionURIs" : [
      "spotify:artist:3jTU1IOqkO7Mz4zdbXPose"
    ]
  },
  {
    "platform" : "ANDROID",
    "searchTime" : "2022-06-14T01:17:30.102Z[UTC]",
    "searchQuery" : "lonely",
    "searchInteractionURIs" : [
      "spotify:track:1Za3bmODi0tz9pnlZE58ug"
    ]
  },
  {
    "platform" : "ANDROID",
    "searchTime" : "2022-06-14T09:46:30.047Z[UTC]",
    "searchQuery" : "lonely",
    "searchInteractionURIs" : [
      "spotify:track:1Za3bmODi0tz9pnlZE58ug",
      "spotify:track:5qhHm4dN4L2dhRb2TfzGPw"
    ]
  },
  {
    "platform" : "ANDROID",
    "searchTime" : "2022-06-14T10:40:02.594Z[UTC]",
    "searchQuery" : "toxic",
    "searchInteractionURIs" : [
      "spotify:track:6I9VzXrHxO9rA9A5euc8Ak"
    ]
  },
  {
    "platform" : "ANDROID",
    "searchTime" : "2022-06-14T20:05:27.064Z[UTC]",
    "searchQuery" : "silence ",
    "searchInteractionURIs" : [
      "spotify:track:43I0cN5CLOL5cqN27PabcE",
      "spotify:track:43I0cN5CLOL5cqN27PabcE",
      "spotify:track:7vGuf3Y35N4wmASOKLUVVU"
    ]
  },
  {
    "platform" : "ANDROID_ARM",
    "searchTime" : "2022-06-14T20:05:27.507Z[UTC]",
    "searchQuery" : "silence",
    "searchInteractionURIs" : [
    ]
  },
  {
    "platform" : "WEBPLAYER",
    "searchTime" : "2022-06-15T17:40:41.655Z[UTC]",
    "searchQuery" : "i fo",
    "searchInteractionURIs" : [
    ]
  },
  {
    "platform" : "WEBPLAYER",
    "searchTime" : "2022-06-15T17:40:42.632Z[UTC]",
    "searchQuery" : "i found ",
    "searchInteractionURIs" : [
    ]
  },
  {
    "platform" : "WEBPLAYER",
    "searchTime" : "2022-06-15T18:16:03.519Z[UTC]",
    "searchQuery" : "stephe",
    "searchInteractionURIs" : [
    ]
  },
  {
    "platform" : "WEBPLAYER",
    "searchTime" : "2022-06-15T18:16:04.745Z[UTC]",
    "searchQuery" : "stephen w",
    "searchInteractionURIs" : [
    ]
  },
  {
    "platform" : "WEBPLAYER",
    "searchTime" : "2022-06-15T18:16:09.328Z[UTC]",
    "searchQuery" : "stephen w",
    "searchInteractionURIs" : [
    ]
  },
  {
    "platform" : "ANDROID_ARM",
    "searchTime" : "2022-06-16T03:44:07.218Z[UTC]",
    "searchQuery" : "c",
    "searchInteractionURIs" : [
    ]
  },
  {
    "platform" : "ANDROID_ARM",
    "searchTime" : "2022-06-16T03:44:07.855Z[UTC]",
    "searchQuery" : "ch",
    "searchInteractionURIs" : [
    ]
  },
  {
    "platform" : "ANDROID",
    "searchTime" : "2022-06-16T03:44:07.873Z[UTC]",
    "searchQuery" : "cho",
    "searchInteractionURIs" : [
    ]
  },
  {
    "platform" : "ANDROID",
    "searchTime" : "2022-06-16T03:44:12.730Z[UTC]",
    "searchQuery" : "mame",
    "searchInteractionURIs" : [
      "spotify:artist:2K4pcxTMiwnKoVvdAr5pwD"
    ]
  },
  {
    "platform" : "ANDROID",
    "searchTime" : "2022-06-16T05:12:26.135Z[UTC]",
    "searchQuery" : "losing you",
    "searchInteractionURIs" : [
      "spotify:track:24PcKwVvoOkLlu8zkDwpAf"
    ]
  },
  {
    "platform" : "ANDROID_ARM",
    "searchTime" : "2022-06-16T05:12:26.612Z[UTC]",
    "searchQuery" : "losing y",
    "searchInteractionURIs" : [
    ]
  },
  {
    "platform" : "ANDROID",
    "searchTime" : "2022-06-16T08:50:20.694Z[UTC]",
    "searchQuery" : "blank space",
    "searchInteractionURIs" : [
      "spotify:track:1u8c2t2Cy7UBoG4ArRcF5g"
    ]
  },
  {
    "platform" : "WEBPLAYER",
    "searchTime" : "2022-06-16T16:22:58.297Z[UTC]",
    "searchQuery" : "conan",
    "searchInteractionURIs" : [
    ]
  },
  {
    "platform" : "WEBPLAYER",
    "searchTime" : "2022-06-16T18:58:02.042Z[UTC]",
    "searchQuery" : "camila c",
    "searchInteractionURIs" : [
    ]
  },
  {
    "platform" : "WEBPLAYER",
    "searchTime" : "2022-06-16T18:58:09.951Z[UTC]",
    "searchQuery" : "zar ",
    "searchInteractionURIs" : [
    ]
  },
  {
    "platform" : "WEBPLAYER",
    "searchTime" : "2022-06-16T18:58:11.113Z[UTC]",
    "searchQuery" : "zara a",
    "searchInteractionURIs" : [
    ]
  },
  {
    "platform" : "WEBPLAYER",
    "searchTime" : "2022-06-16T18:58:12.386Z[UTC]",
    "searchQuery" : "zara la",
    "searchInteractionURIs" : [
    ]
  },
  {
    "platform" : "ANDROID",
    "searchTime" : "2022-06-17T07:46:46.942Z[UTC]",
    "searchQuery" : "peanut ",
    "searchInteractionURIs" : [
      "spotify:track:1qRabaD5y56JZzQSm4qB0n"
    ]
  },
  {
    "platform" : "ANDROID",
    "searchTime" : "2022-06-18T03:27:01.560Z[UTC]",
    "searchQuery" : "happy",
    "searchInteractionURIs" : [
      "spotify:track:60nZcImufyMA1MKQY3dcCH"
    ]
  },
  {
    "platform" : "ANDROID_ARM",
    "searchTime" : "2022-06-18T03:27:01.892Z[UTC]",
    "searchQuery" : "hap",
    "searchInteractionURIs" : [
    ]
  },
  {
    "platform" : "WEBPLAYER",
    "searchTime" : "2022-06-18T08:00:58.644Z[UTC]",
    "searchQuery" : "apocal",
    "searchInteractionURIs" : [
    ]
  },
  {
    "platform" : "WEBPLAYER",
    "searchTime" : "2022-06-18T13:17:02.303Z[UTC]",
    "searchQuery" : "na an",
    "searchInteractionURIs" : [
    ]
  },
  {
    "platform" : "WEBPLAYER",
    "searchTime" : "2022-06-18T13:38:08.725Z[UTC]",
    "searchQuery" : "peanut",
    "searchInteractionURIs" : [
    ]
  },
  {
    "platform" : "ANDROID",
    "searchTime" : "2022-06-19T16:39:41.563Z[UTC]",
    "searchQuery" : "jab we met",
    "searchInteractionURIs" : [
      "spotify:album:4OYdTHNgjhXzgVjbqsb0tO"
    ]
  },
  {
    "platform" : "ANDROID_ARM",
    "searchTime" : "2022-06-19T17:54:04.179Z[UTC]",
    "searchQuery" : "ru",
    "searchInteractionURIs" : [
    ]
  },
  {
    "platform" : "ANDROID",
    "searchTime" : "2022-06-19T17:54:04.316Z[UTC]",
    "searchQuery" : "runaway",
    "searchInteractionURIs" : [
      "spotify:track:1v1oIWf2Xgh54kIWuKsDf6"
    ]
  },
  {
    "platform" : "ANDROID_ARM",
    "searchTime" : "2022-06-19T17:54:04.500Z[UTC]",
    "searchQuery" : "runa",
    "searchInteractionURIs" : [
    ]
  },
  {
    "platform" : "ANDROID_ARM",
    "searchTime" : "2022-06-19T17:54:04.841Z[UTC]",
    "searchQuery" : "runawa",
    "searchInteractionURIs" : [
    ]
  },
  {
    "platform" : "WEBPLAYER",
    "searchTime" : "2022-06-20T09:39:25.864Z[UTC]",
    "searchQuery" : "prit",
    "searchInteractionURIs" : [
    ]
  },
  {
    "platform" : "ANDROID",
    "searchTime" : "2022-06-21T14:37:18.740Z[UTC]",
    "searchQuery" : "mayb",
    "searchInteractionURIs" : [
      "spotify:track:7N1bEUVuQo8HHuikDgJ10c"
    ]
  },
  {
    "platform" : "WEBPLAYER",
    "searchTime" : "2022-06-22T13:11:16.479Z[UTC]",
    "searchQuery" : "p",
    "searchInteractionURIs" : [
    ]
  },
  {
    "platform" : "ANDROID",
    "searchTime" : "2022-06-23T03:15:25.315Z[UTC]",
    "searchQuery" : "peanut",
    "searchInteractionURIs" : [
      "spotify:track:1qRabaD5y56JZzQSm4qB0n"
    ]
  },
  {
    "platform" : "ANDROID",
    "searchTime" : "2022-06-23T06:48:18.129Z[UTC]",
    "searchQuery" : "bha",
    "searchInteractionURIs" : [
      "spotify:playlist:37i9dQZF1EJI19iyK1x7FB"
    ]
  },
  {
    "platform" : "ANDROID_ARM",
    "searchTime" : "2022-06-23T06:48:50.809Z[UTC]",
    "searchQuery" : "kh",
    "searchInteractionURIs" : [
    ]
  },
  {
    "platform" : "ANDROID",
    "searchTime" : "2022-06-23T06:48:51.404Z[UTC]",
    "searchQuery" : "khushi",
    "searchInteractionURIs" : [
      "spotify:playlist:37i9dQZF1EJwLeGKvXTTUO"
    ]
  },
  {
    "platform" : "ANDROID",
    "searchTime" : "2022-06-23T07:28:51.498Z[UTC]",
    "searchQuery" : "arcade",
    "searchInteractionURIs" : [
      "spotify:track:1Xi84slp6FryDSCbzq4UCD"
    ]
  },
  {
    "platform" : "ANDROID_ARM",
    "searchTime" : "2022-06-25T03:06:35.693Z[UTC]",
    "searchQuery" : "h",
    "searchInteractionURIs" : [
    ]
  },
  {
    "platform" : "ANDROID_ARM",
    "searchTime" : "2022-06-25T03:06:36.516Z[UTC]",
    "searchQuery" : "high",
    "searchInteractionURIs" : [
    ]
  },
  {
    "platform" : "ANDROID",
    "searchTime" : "2022-06-25T03:06:36.705Z[UTC]",
    "searchQuery" : "high hpp",
    "searchInteractionURIs" : [
      "spotify:track:1rqqCSm0Qe4I9rUvWncaom"
    ]
  },
  {
    "platform" : "WEBPLAYER",
    "searchTime" : "2022-06-25T10:05:45.278Z[UTC]",
    "searchQuery" : "saum",
    "searchInteractionURIs" : [
    ]
  },
  {
    "platform" : "WEBPLAYER",
    "searchTime" : "2022-06-25T10:05:45.435Z[UTC]",
    "searchQuery" : "saumya",
    "searchInteractionURIs" : [
    ]
  },
  {
    "platform" : "ANDROID_ARM",
    "searchTime" : "2022-06-25T18:33:41.703Z[UTC]",
    "searchQuery" : "roal",
    "searchInteractionURIs" : [
    ]
  },
  {
    "platform" : "ANDROID",
    "searchTime" : "2022-06-25T18:33:42.335Z[UTC]",
    "searchQuery" : "roald d",
    "searchInteractionURIs" : [
    ]
  },
  {
    "platform" : "WEBPLAYER",
    "searchTime" : "2022-06-26T05:17:30.572Z[UTC]",
    "searchQuery" : "The Joker And The Queen (",
    "searchInteractionURIs" : [
    ]
  },
  {
    "platform" : "WEBPLAYER",
    "searchTime" : "2022-06-26T12:02:10.703Z[UTC]",
    "searchQuery" : "wa",
    "searchInteractionURIs" : [
    ]
  },
  {
    "platform" : "WEBPLAYER",
    "searchTime" : "2022-06-26T12:05:57.386Z[UTC]",
    "searchQuery" : "so",
    "searchInteractionURIs" : [
    ]
  },
  {
    "platform" : "WEBPLAYER",
    "searchTime" : "2022-06-26T12:05:59.313Z[UTC]",
    "searchQuery" : "some",
    "searchInteractionURIs" : [
    ]
  },
  {
    "platform" : "WEBPLAYER",
    "searchTime" : "2022-06-26T12:09:43.768Z[UTC]",
    "searchQuery" : "demon",
    "searchInteractionURIs" : [
    ]
  },
  {
    "platform" : "ANDROID",
    "searchTime" : "2022-06-27T01:38:29.483Z[UTC]",
    "searchQuery" : "ever",
    "searchInteractionURIs" : [
    ]
  },
  {
    "platform" : "ANDROID",
    "searchTime" : "2022-06-27T01:38:35.592Z[UTC]",
    "searchQuery" : "vault",
    "searchInteractionURIs" : [
      "spotify:artist:0K87f3owemzI8NUCoEIXOB"
    ]
  },
  {
    "platform" : "ANDROID",
    "searchTime" : "2022-06-27T02:34:19.950Z[UTC]",
    "searchQuery" : "peanut ",
    "searchInteractionURIs" : [
      "spotify:track:1qRabaD5y56JZzQSm4qB0n",
      "spotify:track:1qRabaD5y56JZzQSm4qB0n",
      "spotify:track:4SWEZDzjNiaxKGiYUASnzt"
    ]
  },
  {
    "platform" : "WEBPLAYER",
    "searchTime" : "2022-06-27T08:03:45.322Z[UTC]",
    "searchQuery" : "thund",
    "searchInteractionURIs" : [
    ]
  },
  {
    "platform" : "WEBPLAYER",
    "searchTime" : "2022-06-27T08:03:45.637Z[UTC]",
    "searchQuery" : "thundr",
    "searchInteractionURIs" : [
    ]
  },
  {
    "platform" : "WEBPLAYER",
    "searchTime" : "2022-06-27T11:58:45.698Z[UTC]",
    "searchQuery" : "221 ",
    "searchInteractionURIs" : [
    ]
  },
  {
    "platform" : "WEBPLAYER",
    "searchTime" : "2022-06-27T12:03:14.195Z[UTC]",
    "searchQuery" : "thu",
    "searchInteractionURIs" : [
    ]
  },
  {
    "platform" : "WEBPLAYER",
    "searchTime" : "2022-06-27T12:06:28.987Z[UTC]",
    "searchQuery" : "it",
    "searchInteractionURIs" : [
    ]
  },
  {
    "platform" : "WEBPLAYER",
    "searchTime" : "2022-06-27T12:06:34.099Z[UTC]",
    "searchQuery" : "it's ok mo",
    "searchInteractionURIs" : [
    ]
  },
  {
    "platform" : "WEBPLAYER",
    "searchTime" : "2022-06-27T13:32:25.507Z[UTC]",
    "searchQuery" : "t",
    "searchInteractionURIs" : [
    ]
  },
  {
    "platform" : "ANDROID_ARM",
    "searchTime" : "2022-06-28T01:29:14.161Z[UTC]",
    "searchQuery" : "co",
    "searchInteractionURIs" : [
    ]
  },
  {
    "platform" : "ANDROID",
    "searchTime" : "2022-06-28T01:29:14.328Z[UTC]",
    "searchQuery" : "conne",
    "searchInteractionURIs" : [
      "spotify:track:3T4UodGkfZObJ43RtA5KFU",
      "spotify:track:3T4UodGkfZObJ43RtA5KFU",
      "spotify:artist:5Pwc4xIPtQLFEnJriah9YJ"
    ]
  },
  {
    "platform" : "ANDROID_ARM",
    "searchTime" : "2022-06-28T01:47:26.302Z[UTC]",
    "searchQuery" : "r",
    "searchInteractionURIs" : [
    ]
  },
  {
    "platform" : "ANDROID_ARM",
    "searchTime" : "2022-06-28T01:47:27.109Z[UTC]",
    "searchQuery" : "resci",
    "searchInteractionURIs" : [
    ]
  },
  {
    "platform" : "ANDROID_ARM",
    "searchTime" : "2022-06-28T01:47:27.430Z[UTC]",
    "searchQuery" : "rescie ",
    "searchInteractionURIs" : [
    ]
  },
  {
    "platform" : "ANDROID_ARM",
    "searchTime" : "2022-06-29T13:20:33.206Z[UTC]",
    "searchQuery" : "in ",
    "searchInteractionURIs" : [
    ]
  },
  {
    "platform" : "ANDROID_ARM",
    "searchTime" : "2022-06-29T13:20:34.148Z[UTC]",
    "searchQuery" : "in thi",
    "searchInteractionURIs" : [
    ]
  },
  {
    "platform" : "ANDROID",
    "searchTime" : "2022-06-29T13:20:36.211Z[UTC]",
    "searchQuery" : "in this cluv",
    "searchInteractionURIs" : [
    ]
  },
  {
    "platform" : "ANDROID_ARM",
    "searchTime" : "2022-06-29T13:20:37.352Z[UTC]",
    "searchQuery" : "in this clu",
    "searchInteractionURIs" : [
    ]
  },
  {
    "platform" : "ANDROID",
    "searchTime" : "2022-06-29T13:20:41.405Z[UTC]",
    "searchQuery" : "wdw",
    "searchInteractionURIs" : [
      "spotify:artist:2jnIB6XdLvnJUeNTy5A0J2"
    ]
  },
  {
    "platform" : "ANDROID_ARM",
    "searchTime" : "2022-06-29T13:20:41.712Z[UTC]",
    "searchQuery" : "w",
    "searchInteractionURIs" : [
    ]
  },
  {
    "platform" : "ANDROID",
    "searchTime" : "2022-06-29T18:38:58.236Z[UTC]",
    "searchQuery" : "peanut butter ",
    "searchInteractionURIs" : [
      "spotify:track:1qRabaD5y56JZzQSm4qB0n"
    ]
  },
  {
    "platform" : "ANDROID_ARM",
    "searchTime" : "2022-06-30T01:18:01.945Z[UTC]",
    "searchQuery" : "lovel",
    "searchInteractionURIs" : [
    ]
  },
  {
    "platform" : "ANDROID_ARM",
    "searchTime" : "2022-06-30T01:18:04.941Z[UTC]",
    "searchQuery" : "lovely da",
    "searchInteractionURIs" : [
    ]
  },
  {
    "platform" : "ANDROID",
    "searchTime" : "2022-06-30T11:43:47.409Z[UTC]",
    "searchQuery" : "anuv",
    "searchInteractionURIs" : [
      "spotify:artist:4gdMJYnopf2nEUcanAwstx"
    ]
  },
  {
    "platform" : "ANDROID_ARM",
    "searchTime" : "2022-06-30T11:43:47.821Z[UTC]",
    "searchQuery" : "a",
    "searchInteractionURIs" : [
    ]
  },
  {
    "platform" : "ANDROID_ARM",
    "searchTime" : "2022-06-30T11:43:47.825Z[UTC]",
    "searchQuery" : "anu",
    "searchInteractionURIs" : [
    ]
  },
  {
    "platform" : "ANDROID",
    "searchTime" : "2022-07-01T04:35:22.050Z[UTC]",
    "searchQuery" : "kills",
    "searchInteractionURIs" : [
      "spotify:track:2PgMUAn2bBpm8gz6yAXvVL"
    ]
  },
  {
    "platform" : "ANDROID_ARM",
    "searchTime" : "2022-07-01T04:35:22.607Z[UTC]",
    "searchQuery" : "kil",
    "searchInteractionURIs" : [
    ]
  },
  {
    "platform" : "ANDROID",
    "searchTime" : "2022-07-01T04:35:27.786Z[UTC]",
    "searchQuery" : "wwj",
    "searchInteractionURIs" : [
      "spotify:album:01GR4NL5O5CZM51k0aejKD"
    ]
  },
  {
    "platform" : "ANDROID",
    "searchTime" : "2022-07-01T13:02:22.363Z[UTC]",
    "searchQuery" : "the score ",
    "searchInteractionURIs" : [
      "spotify:artist:2q3GG88dVwuQPF4FmySr9I"
    ]
  },
  {
    "platform" : "ANDROID_ARM",
    "searchTime" : "2022-07-01T13:02:22.998Z[UTC]",
    "searchQuery" : "the score",
    "searchInteractionURIs" : [
    ]
  },
  {
    "platform" : "WEBPLAYER",
    "searchTime" : "2022-07-01T19:47:30.003Z[UTC]",
    "searchQuery" : "river",
    "searchInteractionURIs" : [
    ]
  },
  {
    "platform" : "WEBPLAYER",
    "searchTime" : "2022-07-01T19:47:43.356Z[UTC]",
    "searchQuery" : "hold back the rivel",
    "searchInteractionURIs" : [
    ]
  },
  {
    "platform" : "ANDROID_ARM",
    "searchTime" : "2022-07-01T20:30:58.555Z[UTC]",
    "searchQuery" : "id",
    "searchInteractionURIs" : [
    ]
  },
  {
    "platform" : "ANDROID",
    "searchTime" : "2022-07-01T20:30:58.739Z[UTC]",
    "searchQuery" : "idgaf",
    "searchInteractionURIs" : [
    ]
  },
  {
    "platform" : "WEBPLAYER",
    "searchTime" : "2022-07-02T14:30:54.915Z[UTC]",
    "searchQuery" : "as it ",
    "searchInteractionURIs" : [
    ]
  },
  {
    "platform" : "WEBPLAYER",
    "searchTime" : "2022-07-02T14:30:55.937Z[UTC]",
    "searchQuery" : "as it waws",
    "searchInteractionURIs" : [
    ]
  },
  {
    "platform" : "ANDROID",
    "searchTime" : "2022-07-03T02:32:48.879Z[UTC]",
    "searchQuery" : "numb li",
    "searchInteractionURIs" : [
      "spotify:track:3o9kpgkIcffx0iSwxhuNI2"
    ]
  },
  {
    "platform" : "ANDROID_ARM",
    "searchTime" : "2022-07-03T02:32:49.142Z[UTC]",
    "searchQuery" : "numb ",
    "searchInteractionURIs" : [
    ]
  },
  {
    "platform" : "ANDROID",
    "searchTime" : "2022-07-03T02:49:19.559Z[UTC]",
    "searchQuery" : "sunflower",
    "searchInteractionURIs" : [
      "spotify:track:6iYMfxznTBlcVOgRHab2W0"
    ]
  },
  {
    "platform" : "WEBPLAYER",
    "searchTime" : "2022-07-03T05:38:29.117Z[UTC]",
    "searchQuery" : "bhar do jholi ",
    "searchInteractionURIs" : [
    ]
  },
  {
    "platform" : "WEBPLAYER",
    "searchTime" : "2022-07-03T05:38:29.562Z[UTC]",
    "searchQuery" : "bhar do jholi mer",
    "searchInteractionURIs" : [
    ]
  },
  {
    "platform" : "WEBPLAYER",
    "searchTime" : "2022-07-03T06:04:31.831Z[UTC]",
    "searchQuery" : "if i weer",
    "searchInteractionURIs" : [
    ]
  },
  {
    "platform" : "WEBPLAYER",
    "searchTime" : "2022-07-03T06:04:32.506Z[UTC]",
    "searchQuery" : "if i were",
    "searchInteractionURIs" : [
    ]
  },
  {
    "platform" : "WEBPLAYER",
    "searchTime" : "2022-07-03T06:25:15.235Z[UTC]",
    "searchQuery" : "koi mil",
    "searchInteractionURIs" : [
    ]
  },
  {
    "platform" : "ANDROID",
    "searchTime" : "2022-07-03T14:12:12.559Z[UTC]",
    "searchQuery" : "bhavna",
    "searchInteractionURIs" : [
      "spotify:playlist:37i9dQZF1EJI19iyK1x7FB"
    ]
  },
  {
    "platform" : "WEBPLAYER",
    "searchTime" : "2022-07-04T15:46:30.533Z[UTC]",
    "searchQuery" : "i foud",
    "searchInteractionURIs" : [
    ]
  },
  {
    "platform" : "ANDROID_ARM",
    "searchTime" : "2022-07-05T01:04:22.074Z[UTC]",
    "searchQuery" : "st",
    "searchInteractionURIs" : [
    ]
  },
  {
    "platform" : "ANDROID",
    "searchTime" : "2022-07-05T01:04:22.616Z[UTC]",
    "searchQuery" : "stephen sa",
    "searchInteractionURIs" : [
      "spotify:artist:5XKFrudbV4IiuE5WuTPRmT"
    ]
  },
  {
    "platform" : "ANDROID_ARM",
    "searchTime" : "2022-07-05T01:04:22.752Z[UTC]",
    "searchQuery" : "stephen",
    "searchInteractionURIs" : [
    ]
  },
  {
    "platform" : "ANDROID",
    "searchTime" : "2022-07-05T01:04:26.889Z[UTC]",
    "searchQuery" : "stephen daw",
    "searchInteractionURIs" : [
      "spotify:artist:3jTU1IOqkO7Mz4zdbXPose"
    ]
  },
  {
    "platform" : "ANDROID",
    "searchTime" : "2022-07-05T02:26:25.576Z[UTC]",
    "searchQuery" : "stephen daw",
    "searchInteractionURIs" : [
    ]
  },
  {
    "platform" : "ANDROID",
    "searchTime" : "2022-07-05T09:13:15.206Z[UTC]",
    "searchQuery" : "sukriti",
    "searchInteractionURIs" : [
    ]
  },
  {
    "platform" : "ANDROID_ARM",
    "searchTime" : "2022-07-05T09:13:15.504Z[UTC]",
    "searchQuery" : "sukr",
    "searchInteractionURIs" : [
    ]
  },
  {
    "platform" : "ANDROID_ARM",
    "searchTime" : "2022-07-05T09:13:19.178Z[UTC]",
    "searchQuery" : "s",
    "searchInteractionURIs" : [
    ]
  },
  {
    "platform" : "ANDROID",
    "searchTime" : "2022-07-05T10:20:29.196Z[UTC]",
    "searchQuery" : "tejasv",
    "searchInteractionURIs" : [
      "spotify:playlist:37i9dQZF1EJJSv4pFiYQII"
    ]
  },
  {
    "platform" : "ANDROID",
    "searchTime" : "2022-07-05T10:39:55.470Z[UTC]",
    "searchQuery" : "conan",
    "searchInteractionURIs" : [
      "spotify:artist:4Uc8Dsxct0oMqx0P6i60ea"
    ]
  },
  {
    "platform" : "ANDROID",
    "searchTime" : "2022-07-06T02:46:49.810Z[UTC]",
    "searchQuery" : "finn",
    "searchInteractionURIs" : [
      "spotify:artist:37M5pPGs6V1fchFJSgCguX"
    ]
  },
  {
    "platform" : "ANDROID",
    "searchTime" : "2022-07-06T17:30:35.427Z[UTC]",
    "searchQuery" : "1r",
    "searchInteractionURIs" : [
      "spotify:artist:5Pwc4xIPtQLFEnJriah9YJ"
    ]
  },
  {
    "platform" : "ANDROID",
    "searchTime" : "2022-07-07T10:42:01.873Z[UTC]",
    "searchQuery" : "photo",
    "searchInteractionURIs" : [
      "spotify:track:1HNkqx9Ahdgi1Ixy2xkKkL"
    ]
  },
  {
    "platform" : "ANDROID",
    "searchTime" : "2022-07-07T11:59:51.782Z[UTC]",
    "searchQuery" : "this fe",
    "searchInteractionURIs" : [
      "spotify:album:6ZvDJs17O3woQirttKRYCG"
    ]
  },
  {
    "platform" : "ANDROID_ARM",
    "searchTime" : "2022-07-07T11:59:51.892Z[UTC]",
    "searchQuery" : "this ",
    "searchInteractionURIs" : [
    ]
  },
  {
    "platform" : "ANDROID_ARM",
    "searchTime" : "2022-07-07T11:59:52.255Z[UTC]",
    "searchQuery" : "this f",
    "searchInteractionURIs" : [
    ]
  },
  {
    "platform" : "ANDROID",
    "searchTime" : "2022-07-08T03:49:54.024Z[UTC]",
    "searchQuery" : "little",
    "searchInteractionURIs" : [
      "spotify:track:3o9kpgkIcffx0iSwxhuNI2"
    ]
  },
  {
    "platform" : "ANDROID",
    "searchTime" : "2022-07-08T04:10:35.420Z[UTC]",
    "searchQuery" : "ph",
    "searchInteractionURIs" : [
      "spotify:track:1HNkqx9Ahdgi1Ixy2xkKkL"
    ]
  },
  {
    "platform" : "ANDROID",
    "searchTime" : "2022-07-08T04:36:20.577Z[UTC]",
    "searchQuery" : "family",
    "searchInteractionURIs" : [
      "spotify:track:3TKpJrY9q49Mj1JOsM9zGL"
    ]
  },
  {
    "platform" : "ANDROID",
    "searchTime" : "2022-07-08T04:49:27.067Z[UTC]",
    "searchQuery" : "cigret",
    "searchInteractionURIs" : [
      "spotify:artist:1QAJqy2dA3ihHBFIHRphZj"
    ]
  },
  {
    "platform" : "ANDROID",
    "searchTime" : "2022-07-08T04:59:41.442Z[UTC]",
    "searchQuery" : "arctiv",
    "searchInteractionURIs" : [
      "spotify:artist:7Ln80lUS6He07XvHI8qqHH"
    ]
  },
  {
    "platform" : "ANDROID",
    "searchTime" : "2022-07-08T05:02:24.230Z[UTC]",
    "searchQuery" : "conan",
    "searchInteractionURIs" : [
      "spotify:artist:4Uc8Dsxct0oMqx0P6i60ea"
    ]
  },
  {
    "platform" : "ANDROID_ARM",
    "searchTime" : "2022-07-08T05:02:24.825Z[UTC]",
    "searchQuery" : "co",
    "searchInteractionURIs" : [
    ]
  },
  {
    "platform" : "ANDROID_ARM",
    "searchTime" : "2022-07-08T05:08:01.523Z[UTC]",
    "searchQuery" : "21 p",
    "searchInteractionURIs" : [
    ]
  },
  {
    "platform" : "ANDROID",
    "searchTime" : "2022-07-08T05:08:01.558Z[UTC]",
    "searchQuery" : "21 pilot",
    "searchInteractionURIs" : [
      "spotify:artist:3YQKmKGau1PzlVlkL1iodx"
    ]
  },
  {
    "platform" : "ANDROID",
    "searchTime" : "2022-07-08T11:49:12.368Z[UTC]",
    "searchQuery" : "blank p",
    "searchInteractionURIs" : [
      "spotify:artist:41MozSoPIsD1dJM0CLPjZF",
      "spotify:track:1u8c2t2Cy7UBoG4ArRcF5g"
    ]
  },
  {
    "platform" : "ANDROID",
    "searchTime" : "2022-07-08T16:24:36.557Z[UTC]",
    "searchQuery" : "blank p",
    "searchInteractionURIs" : [
    ]
  },
  {
    "platform" : "ANDROID",
    "searchTime" : "2022-07-08T16:52:26.257Z[UTC]",
    "searchQuery" : "blank p",
    "searchInteractionURIs" : [
    ]
  },
  {
    "platform" : "ANDROID",
    "searchTime" : "2022-07-09T02:12:44.271Z[UTC]",
    "searchQuery" : "blank p",
    "searchInteractionURIs" : [
    ]
  },
  {
    "platform" : "ANDROID",
    "searchTime" : "2022-07-09T03:02:43.984Z[UTC]",
    "searchQuery" : "bhavna",
    "searchInteractionURIs" : [
    ]
  },
  {
    "platform" : "ANDROID",
    "searchTime" : "2022-07-09T04:17:57.671Z[UTC]",
    "searchQuery" : "saturday",
    "searchInteractionURIs" : [
      "spotify:track:60dwJ8dnqZ4WrIdiu7LkNR"
    ]
  },
  {
    "platform" : "ANDROID_ARM",
    "searchTime" : "2022-07-09T04:18:00.647Z[UTC]",
    "searchQuery" : "saturday",
    "searchInteractionURIs" : [
    ]
  },
  {
    "platform" : "WEBPLAYER",
    "searchTime" : "2022-07-09T07:19:44.794Z[UTC]",
    "searchQuery" : "high opes",
    "searchInteractionURIs" : [
    ]
  },
  {
    "platform" : "WEBPLAYER",
    "searchTime" : "2022-07-09T08:23:26.634Z[UTC]",
    "searchQuery" : "ban",
    "searchInteractionURIs" : [
    ]
  },
  {
    "platform" : "WEBPLAYER",
    "searchTime" : "2022-07-09T08:23:31.897Z[UTC]",
    "searchQuery" : "bang",
    "searchInteractionURIs" : [
    ]
  },
  {
    "platform" : "WEBPLAYER",
    "searchTime" : "2022-07-09T11:09:35.797Z[UTC]",
    "searchQuery" : "SAS",
    "searchInteractionURIs" : [
    ]
  },
  {
    "platform" : "WEBPLAYER",
    "searchTime" : "2022-07-09T11:09:46.600Z[UTC]",
    "searchQuery" : "SASURAL G",
    "searchInteractionURIs" : [
    ]
  },
  {
    "platform" : "WEBPLAYER",
    "searchTime" : "2022-07-09T11:09:51.753Z[UTC]",
    "searchQuery" : "SASURAL GENDA",
    "searchInteractionURIs" : [
    ]
  },
  {
    "platform" : "WEBPLAYER",
    "searchTime" : "2022-07-09T11:09:57.641Z[UTC]",
    "searchQuery" : "GENDA",
    "searchInteractionURIs" : [
    ]
  },
  {
    "platform" : "WEBPLAYER",
    "searchTime" : "2022-07-09T11:25:24.242Z[UTC]",
    "searchQuery" : "jab we me",
    "searchInteractionURIs" : [
    ]
  },
  {
    "platform" : "WEBPLAYER",
    "searchTime" : "2022-07-09T12:55:41.842Z[UTC]",
    "searchQuery" : "level of coc",
    "searchInteractionURIs" : [
    ]
  },
  {
    "platform" : "ANDROID",
    "searchTime" : "2022-07-09T16:01:35.164Z[UTC]",
    "searchQuery" : "calm",
    "searchInteractionURIs" : [
      "spotify:album:46K4raQPIGem3N031upNj9"
    ]
  },
  {
    "platform" : "ANDROID",
    "searchTime" : "2022-07-09T18:13:34.399Z[UTC]",
    "searchQuery" : "rr",
    "searchInteractionURIs" : [
    ]
  },
  {
    "platform" : "ANDROID",
    "searchTime" : "2022-07-09T18:13:59.049Z[UTC]",
    "searchQuery" : "breku",
    "searchInteractionURIs" : [
    ]
  },
  {
    "platform" : "ANDROID",
    "searchTime" : "2022-07-09T18:14:02.270Z[UTC]",
    "searchQuery" : "mem",
    "searchInteractionURIs" : [
      "spotify:album:4JPguzRps3kuWDD5GS6oXr"
    ]
  },
  {
    "platform" : "ANDROID_ARM",
    "searchTime" : "2022-07-09T18:14:02.869Z[UTC]",
    "searchQuery" : "m",
    "searchInteractionURIs" : [
    ]
  },
  {
    "platform" : "WEBPLAYER",
    "searchTime" : "2022-07-09T18:18:14.218Z[UTC]",
    "searchQuery" : "lopsing ",
    "searchInteractionURIs" : [
    ]
  },
  {
    "platform" : "WEBPLAYER",
    "searchTime" : "2022-07-09T18:18:16.453Z[UTC]",
    "searchQuery" : "losing ",
    "searchInteractionURIs" : [
    ]
  },
  {
    "platform" : "ANDROID_ARM",
    "searchTime" : "2022-07-10T01:11:08.534Z[UTC]",
    "searchQuery" : "hol",
    "searchInteractionURIs" : [
    ]
  },
  {
    "platform" : "ANDROID",
    "searchTime" : "2022-07-10T01:11:13.487Z[UTC]",
    "searchQuery" : "hold ",
    "searchInteractionURIs" : [
      "spotify:track:1KZyVnyptQcPzkx7ELCnZC",
      "spotify:track:1KZyVnyptQcPzkx7ELCnZC"
    ]
  },
  {
    "platform" : "ANDROID",
    "searchTime" : "2022-07-10T01:54:58.271Z[UTC]",
    "searchQuery" : "calm",
    "searchInteractionURIs" : [
      "spotify:album:46K4raQPIGem3N031upNj9"
    ]
  },
  {
    "platform" : "ANDROID_ARM",
    "searchTime" : "2022-07-10T01:54:58.624Z[UTC]",
    "searchQuery" : "c",
    "searchInteractionURIs" : [
    ]
  },
  {
    "platform" : "ANDROID_ARM",
    "searchTime" : "2022-07-10T02:40:47.754Z[UTC]",
    "searchQuery" : "kal",
    "searchInteractionURIs" : [
    ]
  },
  {
    "platform" : "ANDROID",
    "searchTime" : "2022-07-10T02:40:50.332Z[UTC]",
    "searchQuery" : "kaily ",
    "searchInteractionURIs" : [
    ]
  },
  {
    "platform" : "ANDROID",
    "searchTime" : "2022-07-10T02:40:55.487Z[UTC]",
    "searchQuery" : "demon",
    "searchInteractionURIs" : [
    ]
  },
  {
    "platform" : "ANDROID_ARM",
    "searchTime" : "2022-07-10T02:40:55.863Z[UTC]",
    "searchQuery" : "dem",
    "searchInteractionURIs" : [
    ]
  },
  {
    "platform" : "ANDROID_ARM",
    "searchTime" : "2022-07-10T02:40:56.092Z[UTC]",
    "searchQuery" : "demo",
    "searchInteractionURIs" : [
    ]
  },
  {
    "platform" : "ANDROID",
    "searchTime" : "2022-07-10T02:40:59.873Z[UTC]",
    "searchQuery" : "hayley",
    "searchInteractionURIs" : [
      "spotify:artist:3LjhVl7GzYsza1biQjTpaN"
    ]
  },
  {
    "platform" : "WEBPLAYER",
    "searchTime" : "2022-07-10T06:19:20.759Z[UTC]",
    "searchQuery" : "push my ",
    "searchInteractionURIs" : [
    ]
  },
  {
    "platform" : "ANDROID",
    "searchTime" : "2022-07-10T12:47:20.744Z[UTC]",
    "searchQuery" : "weeke",
    "searchInteractionURIs" : [
      "spotify:artist:1Xyo4u8uXC1ZmMpatF05PJ"
    ]
  },
  {
    "platform" : "WEBPLAYER",
    "searchTime" : "2022-07-11T02:49:25.647Z[UTC]",
    "searchQuery" : "g",
    "searchInteractionURIs" : [
    ]
  },
  {
    "platform" : "WEBPLAYER",
    "searchTime" : "2022-07-11T09:19:48.846Z[UTC]",
    "searchQuery" : "roots",
    "searchInteractionURIs" : [
    ]
  },
  {
    "platform" : "WEBPLAYER",
    "searchTime" : "2022-07-11T09:27:03.064Z[UTC]",
    "searchQuery" : "b",
    "searchInteractionURIs" : [
    ]
  },
  {
    "platform" : "WEBPLAYER",
    "searchTime" : "2022-07-11T09:27:03.517Z[UTC]",
    "searchQuery" : "blin",
    "searchInteractionURIs" : [
    ]
  },
  {
    "platform" : "WEBPLAYER",
    "searchTime" : "2022-07-11T11:24:12.637Z[UTC]",
    "searchQuery" : "Demons",
    "searchInteractionURIs" : [
    ]
  },
  {
    "platform" : "WEBPLAYER",
    "searchTime" : "2022-07-11T16:17:03.423Z[UTC]",
    "searchQuery" : "peanut butter",
    "searchInteractionURIs" : [
    ]
  },
  {
    "platform" : "ANDROID",
    "searchTime" : "2022-07-12T07:23:51.475Z[UTC]",
    "searchQuery" : "heat waves",
    "searchInteractionURIs" : [
      "spotify:track:3USxtqRwSYz57Ewm6wWRMp"
    ]
  },
  {
    "platform" : "ANDROID_ARM",
    "searchTime" : "2022-07-12T07:24:02.208Z[UTC]",
    "searchQuery" : "p",
    "searchInteractionURIs" : [
    ]
  },
  {
    "platform" : "ANDROID",
    "searchTime" : "2022-07-12T07:24:02.526Z[UTC]",
    "searchQuery" : "peanut ",
    "searchInteractionURIs" : [
    ]
  },
  {
    "platform" : "ANDROID_ARM",
    "searchTime" : "2022-07-12T07:24:05.173Z[UTC]",
    "searchQuery" : "pea",
    "searchInteractionURIs" : [
    ]
  },
  {
    "platform" : "ANDROID",
    "searchTime" : "2022-07-12T07:24:05.789Z[UTC]",
    "searchQuery" : "ryan c",
    "searchInteractionURIs" : [
      "spotify:artist:1PDE2MIJ4M6uvFJDrslazf"
    ]
  },
  {
    "platform" : "ANDROID_ARM",
    "searchTime" : "2022-07-12T11:29:17.552Z[UTC]",
    "searchQuery" : "he",
    "searchInteractionURIs" : [
    ]
  },
  {
    "platform" : "ANDROID",
    "searchTime" : "2022-07-12T11:29:17.848Z[UTC]",
    "searchQuery" : "heartless",
    "searchInteractionURIs" : [
      "spotify:track:4EWCNWgDS8707fNSZ1oaA5",
      "spotify:track:4EWCNWgDS8707fNSZ1oaA5"
    ]
  },
  {
    "platform" : "ANDROID_ARM",
    "searchTime" : "2022-07-12T11:29:18.257Z[UTC]",
    "searchQuery" : "heartl",
    "searchInteractionURIs" : [
    ]
  },
  {
    "platform" : "WEBPLAYER",
    "searchTime" : "2022-07-12T12:49:14.893Z[UTC]",
    "searchQuery" : "chains",
    "searchInteractionURIs" : [
    ]
  },
  {
    "platform" : "WEBPLAYER",
    "searchTime" : "2022-07-12T17:51:20.971Z[UTC]",
    "searchQuery" : "peanut butter",
    "searchInteractionURIs" : [
    ]
  },
  {
    "platform" : "WEBPLAYER",
    "searchTime" : "2022-07-12T22:56:57.896Z[UTC]",
    "searchQuery" : "bla",
    "searchInteractionURIs" : [
    ]
  },
  {
    "platform" : "ANDROID",
    "searchTime" : "2022-07-13T02:34:12.900Z[UTC]",
    "searchQuery" : "bye bye",
    "searchInteractionURIs" : [
      "spotify:track:62bOmKYxYg7dhrC6gH9vFn"
    ]
  },
  {
    "platform" : "ANDROID_ARM",
    "searchTime" : "2022-07-13T02:35:22.051Z[UTC]",
    "searchQuery" : "love me",
    "searchInteractionURIs" : [
    ]
  },
  {
    "platform" : "ANDROID_ARM",
    "searchTime" : "2022-07-13T02:35:22.673Z[UTC]",
    "searchQuery" : "love me l",
    "searchInteractionURIs" : [
    ]
  },
  {
    "platform" : "ANDROID_ARM",
    "searchTime" : "2022-07-13T02:35:23.153Z[UTC]",
    "searchQuery" : "love me lik",
    "searchInteractionURIs" : [
    ]
  },
  {
    "platform" : "ANDROID_ARM",
    "searchTime" : "2022-07-13T02:35:24.556Z[UTC]",
    "searchQuery" : "love me ",
    "searchInteractionURIs" : [
    ]
  },
  {
    "platform" : "ANDROID_ARM",
    "searchTime" : "2022-07-13T02:35:24.726Z[UTC]",
    "searchQuery" : "lo",
    "searchInteractionURIs" : [
    ]
  },
  {
    "platform" : "ANDROID",
    "searchTime" : "2022-07-13T02:35:25.263Z[UTC]",
    "searchQuery" : "ellie",
    "searchInteractionURIs" : [
      "spotify:artist:0X2BH1fck6amBIoJhDVmmJ"
    ]
  },
  {
    "platform" : "ANDROID_ARM",
    "searchTime" : "2022-07-13T02:35:25.736Z[UTC]",
    "searchQuery" : "ell",
    "searchInteractionURIs" : [
    ]
  },
  {
    "platform" : "ANDROID",
    "searchTime" : "2022-07-13T02:57:51.699Z[UTC]",
    "searchQuery" : "i cant",
    "searchInteractionURIs" : [
    ]
  },
  {
    "platform" : "ANDROID_ARM",
    "searchTime" : "2022-07-13T02:57:54.675Z[UTC]",
    "searchQuery" : "i c",
    "searchInteractionURIs" : [
    ]
  },
  {
    "platform" : "ANDROID",
    "searchTime" : "2022-07-13T02:57:55.427Z[UTC]",
    "searchQuery" : "benny",
    "searchInteractionURIs" : [
      "spotify:artist:5CiGnKThu5ctn9pBxv7DGa"
    ]
  },
  {
    "platform" : "ANDROID",
    "searchTime" : "2022-07-13T03:08:52.351Z[UTC]",
    "searchQuery" : "bsb",
    "searchInteractionURIs" : [
      "spotify:artist:5rSXSAkZ67PYJSvpUpkOr7"
    ]
  },
  {
    "platform" : "WEBPLAYER",
    "searchTime" : "2022-07-13T05:51:53.572Z[UTC]",
    "searchQuery" : "namo namo",
    "searchInteractionURIs" : [
    ]
  },
  {
    "platform" : "ANDROID",
    "searchTime" : "2022-07-13T07:30:11.464Z[UTC]",
    "searchQuery" : "vleo",
    "searchInteractionURIs" : [
      "spotify:track:5bzf1xrbqr1ttjAJuRz2xY"
    ]
  },
  {
    "platform" : "ANDROID",
    "searchTime" : "2022-07-13T10:25:29.531Z[UTC]",
    "searchQuery" : "vleo",
    "searchInteractionURIs" : [
    ]
  },
  {
    "platform" : "ANDROID_ARM",
    "searchTime" : "2022-07-13T11:28:48.523Z[UTC]",
    "searchQuery" : "ye",
    "searchInteractionURIs" : [
    ]
  },
  {
    "platform" : "ANDROID",
    "searchTime" : "2022-07-13T11:28:49.054Z[UTC]",
    "searchQuery" : "ye ish",
    "searchInteractionURIs" : [
      "spotify:album:4OYdTHNgjhXzgVjbqsb0tO"
    ]
  },
  {
    "platform" : "WEBPLAYER",
    "searchTime" : "2022-07-13T14:32:00.115Z[UTC]",
    "searchQuery" : "as",
    "searchInteractionURIs" : [
    ]
  },
  {
    "platform" : "WEBPLAYER",
    "searchTime" : "2022-07-14T22:21:52.329Z[UTC]",
    "searchQuery" : "seratono",
    "searchInteractionURIs" : [
    ]
  },
  {
    "platform" : "ANDROID",
    "searchTime" : "2022-07-15T01:34:33.332Z[UTC]",
    "searchQuery" : "summer de",
    "searchInteractionURIs" : [
      "spotify:track:2zPcVDSpYNVKQ5c7jR7MXj"
    ]
  },
  {
    "platform" : "ANDROID",
    "searchTime" : "2022-07-15T02:36:52.930Z[UTC]",
    "searchQuery" : "king ang",
    "searchInteractionURIs" : [
    ]
  },
  {
    "platform" : "ANDROID_ARM",
    "searchTime" : "2022-07-15T02:36:56.087Z[UTC]",
    "searchQuery" : "king ",
    "searchInteractionURIs" : [
    ]
  },
  {
    "platform" : "ANDROID_ARM",
    "searchTime" : "2022-07-15T02:36:56.161Z[UTC]",
    "searchQuery" : "king",
    "searchInteractionURIs" : [
    ]
  },
  {
    "platform" : "ANDROID_ARM",
    "searchTime" : "2022-07-15T02:36:58.641Z[UTC]",
    "searchQuery" : "k",
    "searchInteractionURIs" : [
    ]
  },
  {
    "platform" : "ANDROID",
    "searchTime" : "2022-07-15T02:37:04.524Z[UTC]",
    "searchQuery" : "joker ",
    "searchInteractionURIs" : [
      "spotify:track:6N1K5OVVCopBjGViHs2IvP",
      "spotify:track:6N1K5OVVCopBjGViHs2IvP",
      "spotify:playlist:7vecAWeoT9ATmcQeytggOB"
    ]
  },
  {
    "platform" : "ANDROID",
    "searchTime" : "2022-07-15T07:10:26.571Z[UTC]",
    "searchQuery" : "cha",
    "searchInteractionURIs" : [
      "spotify:artist:6VuMaDnrHyPL1p4EHjYLi7"
    ]
  },
  {
    "platform" : "ANDROID_ARM",
    "searchTime" : "2022-07-15T07:10:26.990Z[UTC]",
    "searchQuery" : "ch",
    "searchInteractionURIs" : [
    ]
  },
  {
    "platform" : "ANDROID_ARM",
    "searchTime" : "2022-07-15T07:10:27.014Z[UTC]",
    "searchQuery" : "chat",
    "searchInteractionURIs" : [
    ]
  },
  {
    "platform" : "ANDROID_ARM",
    "searchTime" : "2022-07-15T07:10:30.225Z[UTC]",
    "searchQuery" : "chatl",
    "searchInteractionURIs" : [
    ]
  },
  {
    "platform" : "ANDROID_ARM",
    "searchTime" : "2022-07-15T10:56:56.878Z[UTC]",
    "searchQuery" : "mo",
    "searchInteractionURIs" : [
    ]
  },
  {
    "platform" : "ANDROID_ARM",
    "searchTime" : "2022-07-15T10:56:59.731Z[UTC]",
    "searchQuery" : "mote than words",
    "searchInteractionURIs" : [
    ]
  },
  {
    "platform" : "ANDROID",
    "searchTime" : "2022-07-15T10:57:01.623Z[UTC]",
    "searchQuery" : "mote than word",
    "searchInteractionURIs" : [
      "spotify:track:1gVgkQFOKa8Wc1HYsJtPdH"
    ]
  },
  {
    "platform" : "WEBPLAYER",
    "searchTime" : "2022-07-15T13:05:56.357Z[UTC]",
    "searchQuery" : "s",
    "searchInteractionURIs" : [
    ]
  },
  {
    "platform" : "WEBPLAYER",
    "searchTime" : "2022-07-15T13:05:57.264Z[UTC]",
    "searchQuery" : "seri",
    "searchInteractionURIs" : [
    ]
  },
  {
    "platform" : "WEBPLAYER",
    "searchTime" : "2022-07-15T13:27:38.650Z[UTC]",
    "searchQuery" : "seratonin",
    "searchInteractionURIs" : [
    ]
  },
  {
    "platform" : "ANDROID_ARM",
    "searchTime" : "2022-07-16T02:46:24.444Z[UTC]",
    "searchQuery" : "w",
    "searchInteractionURIs" : [
    ]
  },
  {
    "platform" : "ANDROID",
    "searchTime" : "2022-07-16T02:46:26.658Z[UTC]",
    "searchQuery" : "lovely d",
    "searchInteractionURIs" : [
      "spotify:track:0bRXwKfigvpKZUurwqAlEh"
    ]
  },
  {
    "platform" : "ANDROID",
    "searchTime" : "2022-07-16T02:46:27.055Z[UTC]",
    "searchQuery" : "lovely day",
    "searchInteractionURIs" : [
      "spotify:track:0bRXwKfigvpKZUurwqAlEh"
    ]
  },
  {
    "platform" : "WEBPLAYER",
    "searchTime" : "2022-07-16T09:08:05.724Z[UTC]",
    "searchQuery" : "ser",
    "searchInteractionURIs" : [
    ]
  },
  {
    "platform" : "WEBPLAYER",
    "searchTime" : "2022-07-16T09:08:06.998Z[UTC]",
    "searchQuery" : "serao",
    "searchInteractionURIs" : [
    ]
  },
  {
    "platform" : "WEBPLAYER",
    "searchTime" : "2022-07-16T09:08:09.144Z[UTC]",
    "searchQuery" : "seratonin",
    "searchInteractionURIs" : [
    ]
  },
  {
    "platform" : "WEBPLAYER",
    "searchTime" : "2022-07-16T09:53:19.944Z[UTC]",
    "searchQuery" : "peanut butter ",
    "searchInteractionURIs" : [
    ]
  },
  {
    "platform" : "ANDROID",
    "searchTime" : "2022-07-16T10:04:26.093Z[UTC]",
    "searchQuery" : "peanut ",
    "searchInteractionURIs" : [
      "spotify:track:1qRabaD5y56JZzQSm4qB0n"
    ]
  },
  {
    "platform" : "WEBPLAYER",
    "searchTime" : "2022-07-16T14:26:15.015Z[UTC]",
    "searchQuery" : "double t",
    "searchInteractionURIs" : [
    ]
  },
  {
    "platform" : "WEBPLAYER",
    "searchTime" : "2022-07-16T14:26:15.524Z[UTC]",
    "searchQuery" : "double tk",
    "searchInteractionURIs" : [
    ]
  },
  {
    "platform" : "WEBPLAYER",
    "searchTime" : "2022-07-16T18:11:59.166Z[UTC]",
    "searchQuery" : "peanu ",
    "searchInteractionURIs" : [
    ]
  },
  {
    "platform" : "WEBPLAYER",
    "searchTime" : "2022-07-16T18:12:02.429Z[UTC]",
    "searchQuery" : "peanut butter wa",
    "searchInteractionURIs" : [
    ]
  },
  {
    "platform" : "WEBPLAYER",
    "searchTime" : "2022-07-16T18:12:03.520Z[UTC]",
    "searchQuery" : "peanut butter waffles",
    "searchInteractionURIs" : [
    ]
  },
  {
    "platform" : "WEBPLAYER",
    "searchTime" : "2022-07-16T19:22:38.898Z[UTC]",
    "searchQuery" : "ho",
    "searchInteractionURIs" : [
    ]
  },
  {
    "platform" : "ANDROID",
    "searchTime" : "2022-07-17T04:15:22.896Z[UTC]",
    "searchQuery" : "taylor",
    "searchInteractionURIs" : [
      "spotify:artist:06HL4z0CvFAxyc27GXpf02"
    ]
  },
  {
    "platform" : "WEBPLAYER",
    "searchTime" : "2022-07-17T05:45:45.565Z[UTC]",
    "searchQuery" : "DHRUV",
    "searchInteractionURIs" : [
    ]
  },
  {
    "platform" : "ANDROID",
    "searchTime" : "2022-07-17T13:35:49.405Z[UTC]",
    "searchQuery" : "taylor",
    "searchInteractionURIs" : [
    ]
  },
  {
    "platform" : "ANDROID_ARM",
    "searchTime" : "2022-07-18T03:33:33.444Z[UTC]",
    "searchQuery" : "d",
    "searchInteractionURIs" : [
    ]
  },
  {
    "platform" : "ANDROID_ARM",
    "searchTime" : "2022-07-18T03:33:34.427Z[UTC]",
    "searchQuery" : "don",
    "searchInteractionURIs" : [
    ]
  },
  {
    "platform" : "ANDROID",
    "searchTime" : "2022-07-18T03:33:36.419Z[UTC]",
    "searchQuery" : "don't ",
    "searchInteractionURIs" : [
    ]
  },
  {
    "platform" : "ANDROID_ARM",
    "searchTime" : "2022-07-18T03:33:44.557Z[UTC]",
    "searchQuery" : "andy",
    "searchInteractionURIs" : [
    ]
  },
  {
    "platform" : "ANDROID",
    "searchTime" : "2022-07-18T03:33:44.783Z[UTC]",
    "searchQuery" : "andy gra",
    "searchInteractionURIs" : [
      "spotify:artist:2oX42qP5ineK3hrhBECLmj"
    ]
  },
  {
    "platform" : "WEBPLAYER",
    "searchTime" : "2022-07-18T06:18:44.391Z[UTC]",
    "searchQuery" : "thun",
    "searchInteractionURIs" : [
    ]
  },
  {
    "platform" : "WEBPLAYER",
    "searchTime" : "2022-07-18T06:18:46.584Z[UTC]",
    "searchQuery" : "thunder kh",
    "searchInteractionURIs" : [
    ]
  },
  {
    "platform" : "WEBPLAYER",
    "searchTime" : "2022-07-18T06:19:14.579Z[UTC]",
    "searchQuery" : "thun",
    "searchInteractionURIs" : [
    ]
  },
  {
    "platform" : "ANDROID",
    "searchTime" : "2022-07-18T16:18:28.393Z[UTC]",
    "searchQuery" : "dancing with a stranger",
    "searchInteractionURIs" : [
      "spotify:track:0QpNLnIGvZSThi7BZySHDZ",
      "spotify:track:0QpNLnIGvZSThi7BZySHDZ",
      "spotify:track:0QpNLnIGvZSThi7BZySHDZ",
      "spotify:track:0QpNLnIGvZSThi7BZySHDZ",
      "spotify:track:0QpNLnIGvZSThi7BZySHDZ",
      "spotify:track:0QpNLnIGvZSThi7BZySHDZ",
      "spotify:track:0QpNLnIGvZSThi7BZySHDZ",
      "spotify:track:0QpNLnIGvZSThi7BZySHDZ",
      "spotify:track:0QpNLnIGvZSThi7BZySHDZ",
      "spotify:track:0QpNLnIGvZSThi7BZySHDZ"
    ]
  },
  {
    "platform" : "ANDROID_ARM",
    "searchTime" : "2022-07-18T16:21:45.952Z[UTC]",
    "searchQuery" : "da",
    "searchInteractionURIs" : [
    ]
  },
  {
    "platform" : "ANDROID",
    "searchTime" : "2022-07-18T16:21:46.189Z[UTC]",
    "searchQuery" : "danv",
    "searchInteractionURIs" : [
      "spotify:track:6Qs4SXO9dwPj5GKvVOv8Ki"
    ]
  },
  {
    "platform" : "WEBPLAYER",
    "searchTime" : "2022-07-18T17:39:13.070Z[UTC]",
    "searchQuery" : "merc",
    "searchInteractionURIs" : [
    ]
  },
  {
    "platform" : "ANDROID",
    "searchTime" : "2022-07-20T19:09:25.618Z[UTC]",
    "searchQuery" : "sia",
    "searchInteractionURIs" : [
      "spotify:artist:5WUlDfRSoLAfcVSX1WnrxN"
    ]
  },
  {
    "platform" : "WEBPLAYER",
    "searchTime" : "2022-07-21T05:34:26.948Z[UTC]",
    "searchQuery" : "stawber",
    "searchInteractionURIs" : [
    ]
  },
  {
    "platform" : "WEBPLAYER",
    "searchTime" : "2022-07-21T07:57:31.341Z[UTC]",
    "searchQuery" : "beedi",
    "searchInteractionURIs" : [
    ]
  },
  {
    "platform" : "WEBPLAYER",
    "searchTime" : "2022-07-21T11:12:03.335Z[UTC]",
    "searchQuery" : "c",
    "searchInteractionURIs" : [
    ]
  },
  {
    "platform" : "WEBPLAYER",
    "searchTime" : "2022-07-21T11:41:14.612Z[UTC]",
    "searchQuery" : "pa",
    "searchInteractionURIs" : [
    ]
  },
  {
    "platform" : "WEBPLAYER",
    "searchTime" : "2022-07-21T11:41:14.683Z[UTC]",
    "searchQuery" : "pa",
    "searchInteractionURIs" : [
    ]
  },
  {
    "platform" : "WEBPLAYER",
    "searchTime" : "2022-07-21T11:49:26.853Z[UTC]",
    "searchQuery" : "parent",
    "searchInteractionURIs" : [
    ]
  },
  {
    "platform" : "WEBPLAYER",
    "searchTime" : "2022-07-21T11:49:27.184Z[UTC]",
    "searchQuery" : "parents",
    "searchInteractionURIs" : [
    ]
  },
  {
    "platform" : "WEBPLAYER",
    "searchTime" : "2022-07-21T13:55:50.840Z[UTC]",
    "searchQuery" : "a",
    "searchInteractionURIs" : [
    ]
  },
  {
    "platform" : "WEBPLAYER",
    "searchTime" : "2022-07-21T13:55:52.216Z[UTC]",
    "searchQuery" : "a",
    "searchInteractionURIs" : [
    ]
  },
  {
    "platform" : "WEBPLAYER",
    "searchTime" : "2022-07-21T13:55:59.156Z[UTC]",
    "searchQuery" : "TOM avi",
    "searchInteractionURIs" : [
    ]
  },
  {
    "platform" : "ANDROID",
    "searchTime" : "2022-07-21T14:12:40.934Z[UTC]",
    "searchQuery" : "memo",
    "searchInteractionURIs" : [
    ]
  },
  {
    "platform" : "ANDROID",
    "searchTime" : "2022-07-21T14:13:01.276Z[UTC]",
    "searchQuery" : "black",
    "searchInteractionURIs" : [
      "spotify:artist:2cFrymmkijnjDg9SS92EPM"
    ]
  },
  {
    "platform" : "WEBPLAYER",
    "searchTime" : "2022-07-21T14:17:40.699Z[UTC]",
    "searchQuery" : "crai",
    "searchInteractionURIs" : [
    ]
  },
  {
    "platform" : "WEBPLAYER",
    "searchTime" : "2022-07-21T22:27:06.201Z[UTC]",
    "searchQuery" : "NUS",
    "searchInteractionURIs" : [
    ]
  },
  {
    "platform" : "WEBPLAYER",
    "searchTime" : "2022-07-21T22:27:06.553Z[UTC]",
    "searchQuery" : "NUSH",
    "searchInteractionURIs" : [
    ]
  },
  {
    "platform" : "WEBPLAYER",
    "searchTime" : "2022-07-21T22:27:06.764Z[UTC]",
    "searchQuery" : "NUSH ",
    "searchInteractionURIs" : [
    ]
  },
  {
    "platform" : "WEBPLAYER",
    "searchTime" : "2022-07-22T04:03:44.451Z[UTC]",
    "searchQuery" : "close to me",
    "searchInteractionURIs" : [
    ]
  },
  {
    "platform" : "ANDROID_ARM",
    "searchTime" : "2022-07-23T02:42:11.354Z[UTC]",
    "searchQuery" : "2",
    "searchInteractionURIs" : [
    ]
  },
  {
    "platform" : "ANDROID",
    "searchTime" : "2022-07-23T02:42:11.532Z[UTC]",
    "searchQuery" : "21p",
    "searchInteractionURIs" : [
      "spotify:artist:3YQKmKGau1PzlVlkL1iodx"
    ]
  },
  {
    "platform" : "WEBPLAYER",
    "searchTime" : "2022-07-23T05:10:33.278Z[UTC]",
    "searchQuery" : "eedi",
    "searchInteractionURIs" : [
    ]
  },
  {
    "platform" : "ANDROID_ARM",
    "searchTime" : "2022-07-23T05:51:56.178Z[UTC]",
    "searchQuery" : "a",
    "searchInteractionURIs" : [
    ]
  },
  {
    "platform" : "ANDROID",
    "searchTime" : "2022-07-23T05:52:01.558Z[UTC]",
    "searchQuery" : "lane ",
    "searchInteractionURIs" : [
      "spotify:track:2P61EK6DMGyVyssLWS4fKy"
    ]
  },
  {
    "platform" : "ANDROID_ARM",
    "searchTime" : "2022-07-24T02:48:07.785Z[UTC]",
    "searchQuery" : "l",
    "searchInteractionURIs" : [
    ]
  },
  {
    "platform" : "ANDROID",
    "searchTime" : "2022-07-24T02:48:08.798Z[UTC]",
    "searchQuery" : "lane",
    "searchInteractionURIs" : [
      "spotify:track:2P61EK6DMGyVyssLWS4fKy"
    ]
  },
  {
    "platform" : "ANDROID",
    "searchTime" : "2022-07-24T03:29:50.584Z[UTC]",
    "searchQuery" : "para",
    "searchInteractionURIs" : [
      "spotify:track:0Rx0DJI556Ix5gBny6EWmn"
    ]
  },
  {
    "platform" : "ANDROID",
    "searchTime" : "2022-07-24T03:29:51.327Z[UTC]",
    "searchQuery" : "parad",
    "searchInteractionURIs" : [
      "spotify:track:0Rx0DJI556Ix5gBny6EWmn"
    ]
  },
  {
    "platform" : "WEBPLAYER",
    "searchTime" : "2022-07-24T03:31:05.241Z[UTC]",
    "searchQuery" : "pa",
    "searchInteractionURIs" : [
    ]
  },
  {
    "platform" : "WEBPLAYER",
    "searchTime" : "2022-07-24T12:55:45.487Z[UTC]",
    "searchQuery" : "r",
    "searchInteractionURIs" : [
    ]
  },
  {
    "platform" : "WEBPLAYER",
    "searchTime" : "2022-07-24T16:15:26.684Z[UTC]",
    "searchQuery" : "symphony ",
    "searchInteractionURIs" : [
    ]
  },
  {
    "platform" : "WEBPLAYER",
    "searchTime" : "2022-07-24T16:15:27.568Z[UTC]",
    "searchQuery" : "symphony cold",
    "searchInteractionURIs" : [
    ]
  },
  {
    "platform" : "WEBPLAYER",
    "searchTime" : "2022-07-24T16:52:57.082Z[UTC]",
    "searchQuery" : "FRAWLE",
    "searchInteractionURIs" : [
    ]
  },
  {
    "platform" : "WEBPLAYER",
    "searchTime" : "2022-07-24T17:17:40.981Z[UTC]",
    "searchQuery" : "gravit",
    "searchInteractionURIs" : [
    ]
  },
  {
    "platform" : "WEBPLAYER",
    "searchTime" : "2022-07-25T03:41:37.643Z[UTC]",
    "searchQuery" : "Chura Liya Hai Tumne Jo Dil Ko",
    "searchInteractionURIs" : [
    ]
  },
  {
    "platform" : "WEBPLAYER",
    "searchTime" : "2022-07-25T08:03:06.158Z[UTC]",
    "searchQuery" : "what a man",
    "searchInteractionURIs" : [
    ]
  },
  {
    "platform" : "WEBPLAYER",
    "searchTime" : "2022-07-25T08:03:22.822Z[UTC]",
    "searchQuery" : "what a man",
    "searchInteractionURIs" : [
    ]
  },
  {
    "platform" : "WEBPLAYER",
    "searchTime" : "2022-07-25T10:48:29.051Z[UTC]",
    "searchQuery" : "lakshita+as",
    "searchInteractionURIs" : [
    ]
  },
  {
    "platform" : "WEBPLAYER",
    "searchTime" : "2022-07-25T10:49:09.637Z[UTC]",
    "searchQuery" : "natal",
    "searchInteractionURIs" : [
    ]
  },
  {
    "platform" : "WEBPLAYER",
    "searchTime" : "2022-07-25T11:18:02.083Z[UTC]",
    "searchQuery" : "banjarey",
    "searchInteractionURIs" : [
    ]
  },
  {
    "platform" : "WEBPLAYER",
    "searchTime" : "2022-07-25T17:57:38.723Z[UTC]",
    "searchQuery" : "choudhar",
    "searchInteractionURIs" : [
    ]
  },
  {
    "platform" : "WEBPLAYER",
    "searchTime" : "2022-07-25T17:57:38.773Z[UTC]",
    "searchQuery" : "choudha",
    "searchInteractionURIs" : [
    ]
  },
  {
    "platform" : "WEBPLAYER",
    "searchTime" : "2022-07-25T19:17:26.846Z[UTC]",
    "searchQuery" : "mary ko",
    "searchInteractionURIs" : [
    ]
  },
  {
    "platform" : "ANDROID",
    "searchTime" : "2022-07-26T01:58:58.548Z[UTC]",
    "searchQuery" : "hymn ",
    "searchInteractionURIs" : [
      "spotify:track:3RiPr603aXAoi4GHyXx0uy"
    ]
  },
  {
    "platform" : "ANDROID_ARM",
    "searchTime" : "2022-07-26T01:58:58.716Z[UTC]",
    "searchQuery" : "hymn",
    "searchInteractionURIs" : [
    ]
  },
  {
    "platform" : "ANDROID_ARM",
    "searchTime" : "2022-07-26T02:07:52.911Z[UTC]",
    "searchQuery" : "kane b",
    "searchInteractionURIs" : [
    ]
  },
  {
    "platform" : "ANDROID",
    "searchTime" : "2022-07-26T02:07:53.464Z[UTC]",
    "searchQuery" : "kane brown",
    "searchInteractionURIs" : [
      "spotify:artist:3oSJ7TBVCWMDMiYjXNiCKE"
    ]
  },
  {
    "platform" : "WEBPLAYER",
    "searchTime" : "2022-07-26T02:31:13.431Z[UTC]",
    "searchQuery" : "come with ",
    "searchInteractionURIs" : [
    ]
  },
  {
    "platform" : "WEBPLAYER",
    "searchTime" : "2022-07-26T02:51:03.546Z[UTC]",
    "searchQuery" : "unti",
    "searchInteractionURIs" : [
    ]
  },
  {
    "platform" : "WEBPLAYER",
    "searchTime" : "2022-07-26T12:11:02.343Z[UTC]",
    "searchQuery" : "ta",
    "searchInteractionURIs" : [
    ]
  },
  {
    "platform" : "WEBPLAYER",
    "searchTime" : "2022-07-26T12:11:02.843Z[UTC]",
    "searchQuery" : "taylo",
    "searchInteractionURIs" : [
    ]
  },
  {
    "platform" : "ANDROID_ARM",
    "searchTime" : "2022-07-26T13:03:13.053Z[UTC]",
    "searchQuery" : "friends ",
    "searchInteractionURIs" : [
    ]
  },
  {
    "platform" : "ANDROID_ARM",
    "searchTime" : "2022-07-26T13:03:14.737Z[UTC]",
    "searchQuery" : "friends ble",
    "searchInteractionURIs" : [
    ]
  },
  {
    "platform" : "ANDROID",
    "searchTime" : "2022-07-26T13:03:22.767Z[UTC]",
    "searchQuery" : "friends mix",
    "searchInteractionURIs" : [
      "spotify:playlist:37i9dQZF1EXguaIz0PIIjE",
      "spotify:playlist:37i9dQZF1EXyxgskQM20NG"
    ]
  },
  {
    "platform" : "WEBPLAYER",
    "searchTime" : "2022-07-26T13:08:24.641Z[UTC]",
    "searchQuery" : "or",
    "searchInteractionURIs" : [
    ]
  },
  {
    "platform" : "WEBPLAYER",
    "searchTime" : "2022-07-26T13:19:53.146Z[UTC]",
    "searchQuery" : "na",
    "searchInteractionURIs" : [
    ]
  },
  {
    "platform" : "WEBPLAYER",
    "searchTime" : "2022-07-26T13:36:47.577Z[UTC]",
    "searchQuery" : "orif",
    "searchInteractionURIs" : [
    ]
  },
  {
    "platform" : "WEBPLAYER",
    "searchTime" : "2022-07-26T13:36:47.628Z[UTC]",
    "searchQuery" : "ori",
    "searchInteractionURIs" : [
    ]
  },
  {
    "platform" : "WEBPLAYER",
    "searchTime" : "2022-07-27T11:55:56.494Z[UTC]",
    "searchQuery" : "b",
    "searchInteractionURIs" : [
    ]
  },
  {
    "platform" : "WEBPLAYER",
    "searchTime" : "2022-07-27T11:55:59.742Z[UTC]",
    "searchQuery" : "bombay dream",
    "searchInteractionURIs" : [
    ]
  },
  {
    "platform" : "WEBPLAYER",
    "searchTime" : "2022-07-27T13:02:01.287Z[UTC]",
    "searchQuery" : "young",
    "searchInteractionURIs" : [
    ]
  },
  {
    "platform" : "WEBPLAYER",
    "searchTime" : "2022-07-27T18:11:43.223Z[UTC]",
    "searchQuery" : "good bye b",
    "searchInteractionURIs" : [
    ]
  },
  {
    "platform" : "WEBPLAYER",
    "searchTime" : "2022-07-27T18:11:52.247Z[UTC]",
    "searchQuery" : "goodbye ",
    "searchInteractionURIs" : [
    ]
  },
  {
    "platform" : "WEBPLAYER",
    "searchTime" : "2022-07-27T18:11:55.481Z[UTC]",
    "searchQuery" : "goodbye ",
    "searchInteractionURIs" : [
    ]
  },
  {
    "platform" : "WEBPLAYER",
    "searchTime" : "2022-07-27T18:19:36.821Z[UTC]",
    "searchQuery" : "demons ",
    "searchInteractionURIs" : [
    ]
  },
  {
    "platform" : "WEBPLAYER",
    "searchTime" : "2022-07-27T18:19:47.244Z[UTC]",
    "searchQuery" : "demons k",
    "searchInteractionURIs" : [
    ]
  },
  {
    "platform" : "WEBPLAYER",
    "searchTime" : "2022-07-27T18:19:52.760Z[UTC]",
    "searchQuery" : "demons ",
    "searchInteractionURIs" : [
    ]
  },
  {
    "platform" : "WEBPLAYER",
    "searchTime" : "2022-07-27T18:24:21.446Z[UTC]",
    "searchQuery" : "h",
    "searchInteractionURIs" : [
    ]
  },
  {
    "platform" : "WEBPLAYER",
    "searchTime" : "2022-07-27T18:24:22.172Z[UTC]",
    "searchQuery" : "hans",
    "searchInteractionURIs" : [
    ]
  },
  {
    "platform" : "WEBPLAYER",
    "searchTime" : "2022-07-27T18:24:29.310Z[UTC]",
    "searchQuery" : "hair to",
    "searchInteractionURIs" : [
    ]
  },
  {
    "platform" : "WEBPLAYER",
    "searchTime" : "2022-07-27T18:24:30.213Z[UTC]",
    "searchQuery" : "hair tossed",
    "searchInteractionURIs" : [
    ]
  },
  {
    "platform" : "ANDROID_ARM",
    "searchTime" : "2022-07-28T01:09:38.407Z[UTC]",
    "searchQuery" : "jas",
    "searchInteractionURIs" : [
    ]
  },
  {
    "platform" : "ANDROID_ARM",
    "searchTime" : "2022-07-28T02:07:58.649Z[UTC]",
    "searchQuery" : "21 ",
    "searchInteractionURIs" : [
    ]
  },
  {
    "platform" : "WEBPLAYER",
    "searchTime" : "2022-07-29T07:04:33.891Z[UTC]",
    "searchQuery" : "daa",
    "searchInteractionURIs" : [
    ]
  },
  {
    "platform" : "WEBPLAYER",
    "searchTime" : "2022-07-29T07:04:34.122Z[UTC]",
    "searchQuery" : "daaru",
    "searchInteractionURIs" : [
    ]
  },
  {
    "platform" : "WEBPLAYER",
    "searchTime" : "2022-07-29T07:14:16.214Z[UTC]",
    "searchQuery" : "P",
    "searchInteractionURIs" : [
    ]
  },
  {
    "platform" : "WEBPLAYER",
    "searchTime" : "2022-07-29T07:14:16.786Z[UTC]",
    "searchQuery" : "Pra",
    "searchInteractionURIs" : [
    ]
  },
  {
    "platform" : "WEBPLAYER",
    "searchTime" : "2022-07-29T10:34:13.427Z[UTC]",
    "searchQuery" : "42",
    "searchInteractionURIs" : [
    ]
  },
  {
    "platform" : "WEBPLAYER",
    "searchTime" : "2022-07-30T07:05:36.947Z[UTC]",
    "searchQuery" : "you shoy",
    "searchInteractionURIs" : [
    ]
  },
  {
    "platform" : "WEBPLAYER",
    "searchTime" : "2022-07-30T07:56:21.783Z[UTC]",
    "searchQuery" : "Fra",
    "searchInteractionURIs" : [
    ]
  },
  {
    "platform" : "WEBPLAYER",
    "searchTime" : "2022-07-30T08:24:05.229Z[UTC]",
    "searchQuery" : "litlle numb bug",
    "searchInteractionURIs" : [
    ]
  },
  {
    "platform" : "WEBPLAYER",
    "searchTime" : "2022-07-30T17:18:27.458Z[UTC]",
    "searchQuery" : "ghost ",
    "searchInteractionURIs" : [
    ]
  },
  {
    "platform" : "ANDROID_ARM",
    "searchTime" : "2022-07-30T19:14:07.403Z[UTC]",
    "searchQuery" : "sa",
    "searchInteractionURIs" : [
    ]
  },
  {
    "platform" : "ANDROID_ARM",
    "searchTime" : "2022-07-31T12:40:09.843Z[UTC]",
    "searchQuery" : "s",
    "searchInteractionURIs" : [
    ]
  },
  {
    "platform" : "ANDROID_ARM",
    "searchTime" : "2022-07-31T12:40:13.166Z[UTC]",
    "searchQuery" : "sleepin",
    "searchInteractionURIs" : [
    ]
  },
  {
    "platform" : "ANDROID_ARM",
    "searchTime" : "2022-07-31T12:40:13.518Z[UTC]",
    "searchQuery" : "sleeping ",
    "searchInteractionURIs" : [
    ]
  },
  {
    "platform" : "WEBPLAYER",
    "searchTime" : "2022-07-31T16:58:03.848Z[UTC]",
    "searchQuery" : "sleep on thr ",
    "searchInteractionURIs" : [
    ]
  },
  {
    "platform" : "WEBPLAYER",
    "searchTime" : "2022-08-02T03:55:06.209Z[UTC]",
    "searchQuery" : "di",
    "searchInteractionURIs" : [
    ]
  },
  {
    "platform" : "WEBPLAYER",
    "searchTime" : "2022-08-02T03:55:08.445Z[UTC]",
    "searchQuery" : "doubk",
    "searchInteractionURIs" : [
    ]
  },
  {
    "platform" : "WEBPLAYER",
    "searchTime" : "2022-08-02T07:11:46.858Z[UTC]",
    "searchQuery" : "sym",
    "searchInteractionURIs" : [
    ]
  },
  {
    "platform" : "WEBPLAYER",
    "searchTime" : "2022-08-02T07:11:47.499Z[UTC]",
    "searchQuery" : "symp",
    "searchInteractionURIs" : [
    ]
  },
  {
    "platform" : "WEBPLAYER",
    "searchTime" : "2022-08-02T11:55:12.819Z[UTC]",
    "searchQuery" : "laksh",
    "searchInteractionURIs" : [
    ]
  },
  {
    "platform" : "WEBPLAYER",
    "searchTime" : "2022-08-02T14:21:19.449Z[UTC]",
    "searchQuery" : "dou",
    "searchInteractionURIs" : [
    ]
  },
  {
    "platform" : "WEBPLAYER",
    "searchTime" : "2022-08-02T14:21:19.646Z[UTC]",
    "searchQuery" : "doub",
    "searchInteractionURIs" : [
    ]
  },
  {
    "platform" : "WEBPLAYER",
    "searchTime" : "2022-08-02T14:21:20.213Z[UTC]",
    "searchQuery" : "double",
    "searchInteractionURIs" : [
    ]
  },
  {
    "platform" : "ANDROID_ARM",
    "searchTime" : "2022-08-03T02:39:48.851Z[UTC]",
    "searchQuery" : "young",
    "searchInteractionURIs" : [
    ]
  },
  {
    "platform" : "WEBPLAYER",
    "searchTime" : "2022-08-03T05:42:15.266Z[UTC]",
    "searchQuery" : "RED",
    "searchInteractionURIs" : [
    ]
  },
  {
    "platform" : "WEBPLAYER",
    "searchTime" : "2022-08-03T13:36:09.764Z[UTC]",
    "searchQuery" : "al",
    "searchInteractionURIs" : [
    ]
  },
  {
    "platform" : "WEBPLAYER",
    "searchTime" : "2022-08-03T13:37:29.844Z[UTC]",
    "searchQuery" : "symp",
    "searchInteractionURIs" : [
    ]
  },
  {
    "platform" : "WEBPLAYER",
    "searchTime" : "2022-08-03T13:37:38.844Z[UTC]",
    "searchQuery" : "ye",
    "searchInteractionURIs" : [
    ]
  },
  {
    "platform" : "WEBPLAYER",
    "searchTime" : "2022-08-03T13:37:39.538Z[UTC]",
    "searchQuery" : "yellow",
    "searchInteractionURIs" : [
    ]
  },
  {
    "platform" : "WEBPLAYER",
    "searchTime" : "2022-08-03T16:18:37.106Z[UTC]",
    "searchQuery" : "this ",
    "searchInteractionURIs" : [
    ]
  },
  {
    "platform" : "WEBPLAYER",
    "searchTime" : "2022-08-03T16:18:38.210Z[UTC]",
    "searchQuery" : "this t",
    "searchInteractionURIs" : [
    ]
  },
  {
    "platform" : "WEBPLAYER",
    "searchTime" : "2022-08-03T16:18:41.201Z[UTC]",
    "searchQuery" : "this town ",
    "searchInteractionURIs" : [
    ]
  },
  {
    "platform" : "WEBPLAYER",
    "searchTime" : "2022-08-03T20:30:20.011Z[UTC]",
    "searchQuery" : "c",
    "searchInteractionURIs" : [
    ]
  },
  {
    "platform" : "ANDROID_ARM",
    "searchTime" : "2022-08-04T08:39:04.880Z[UTC]",
    "searchQuery" : "im",
    "searchInteractionURIs" : [
    ]
  },
  {
    "platform" : "WEBPLAYER",
    "searchTime" : "2022-08-04T13:13:00.098Z[UTC]",
    "searchQuery" : "i'll",
    "searchInteractionURIs" : [
    ]
  },
  {
    "platform" : "WEBPLAYER",
    "searchTime" : "2022-08-04T16:51:33.212Z[UTC]",
    "searchQuery" : "laung ",
    "searchInteractionURIs" : [
    ]
  },
  {
    "platform" : "WEBPLAYER",
    "searchTime" : "2022-08-04T16:52:36.091Z[UTC]",
    "searchQuery" : "night ",
    "searchInteractionURIs" : [
    ]
  },
  {
    "platform" : "WEBPLAYER",
    "searchTime" : "2022-08-04T19:31:01.594Z[UTC]",
    "searchQuery" : "darl",
    "searchInteractionURIs" : [
    ]
  }
]