{
  "tracks": [
    {
      "artist": "Jasleen Royal",
      "album": "Nit Nit",
      "track": "Nit Nit",
      "uri": "spotify:track:6GT0oiQdjiYX91qgAMi7Vd"
    },
    {
      "artist": "Suzonn",
      "album": "Farq hai",
      "track": "Farq hai",
      "uri": "spotify:track:6MZyrnqwsLnrWY5Gk0AyXg"
    },
    {
      "artist": "Prateek Kuhad",
      "album": "Tune Kaha",
      "track": "Tune Kaha",
      "uri": "spotify:track:1gWtHDe403RuyZqhvSRcv8"
    },
    {
      "artist": "Troye Sivan",
      "album": "Blue Neighbourhood",
      "track": "YOUTH - Acoustic",
      "uri": "spotify:track:6PtE41BwaPBOjjMc8mKcG4"
    },
    {
      "artist": "Imagine Dragons",
      "album": "Mercury - Acts 1 & 2",
      "track": "#1",
      "uri": "spotify:track:0eO2zq5fjPt41BreFmiIKw"
    },
    {
      "artist": "Taylor Swift",
      "album": "reputation",
      "track": "Look What You Made Me Do",
      "uri": "spotify:track:1P17dC1amhFzptugyAO7Il"
    },
    {
      "artist": "Adele",
      "album": "21",
      "track": "Rolling in the Deep",
      "uri": "spotify:track:1eq1wUnLVLg4pdEfx9kajC"
    },
    {
      "artist": "Neeti Mohan",
      "album": "Gangubai Kathiawadi",
      "track": "Meri Jaan",
      "uri": "spotify:track:4iEGv5Ne6HuCkFCjzxdWQK"
    },
    {
      "artist": "OneRepublic",
      "album": "Sunshine",
      "track": "Sunshine",
      "uri": "spotify:track:5r43qanLhUCdBj8HN3fa6B"
    },
    {
      "artist": "Salim–Sulaiman",
      "album": "Band Baaja Baaraat",
      "track": "Ainvayi Ainvayi",
      "uri": "spotify:track:74AqVxZ3oXwJ8olHssBUG3"
    },
    {
      "artist": "Westpark",
      "album": "Coffee & Weed",
      "track": "Coffee & Weed",
      "uri": "spotify:track:1rFNDIT7WmsVGzO0sHJpwM"
    },
    {
      "artist": "Jonas Blue",
      "album": "What I Like About You (feat. Theresa Rex)",
      "track": "What I Like About You (feat. Theresa Rex)",
      "uri": "spotify:track:4NSW0Km5ZG60L8FthUebPJ"
    },
    {
      "artist": "Frank Ocean",
      "album": "channel ORANGE",
      "track": "Lost",
      "uri": "spotify:track:3GZD6HmiNUhxXYf8Gch723"
    },
    {
      "artist": "vaultboy",
      "album": "everything sucks (feat. Eric Nam)",
      "track": "everything sucks (feat. Eric Nam)",
      "uri": "spotify:track:5AUMjaFnLEWzriTPTOEI56"
    },
    {
      "artist": "Hailee Steinfeld",
      "album": "Let Me Go (with Alesso, Florida Georgia Line & watt)",
      "track": "Let Me Go (with Alesso, Florida Georgia Line & watt)",
      "uri": "spotify:track:5Gu0PDLN4YJeW75PpBSg9p"
    },
    {
      "artist": "KK",
      "album": "Check That ! Ultimate Bollywood Remix",
      "track": "Chale Jaise Hawayein (Mix)[Remix By Jatin Sharma]",
      "uri": "spotify:track:0iEjezZ7vpIvh1KFzbWw1C"
    },
    {
      "artist": "Clinton Kane",
      "album": "GO TO HELL",
      "track": "GO TO HELL",
      "uri": "spotify:track:55XRXhQeU25IwqVpjQqxkz"
    },
    {
      "artist": "Tate McRae",
      "album": "TOO YOUNG TO BE SAD",
      "track": "wish i loved you in the 90s",
      "uri": "spotify:track:2wkIdVB8HsWyMur3Q4shlZ"
    },
    {
      "artist": "Lewis Capaldi",
      "album": "Spotify Singles",
      "track": "when the party's over - Recorded at Spotify Studios NYC",
      "uri": "spotify:track:6H7fWtwEUHVfTyZD7zeG4w"
    },
    {
      "artist": "Rixton",
      "album": "Let The Road",
      "track": "Me And My Broken Heart",
      "uri": "spotify:track:1oew3nFNY3vMacJAsvry0S"
    },
    {
      "artist": "Social House",
      "album": "Higher",
      "track": "Higher",
      "uri": "spotify:track:4fog7YgUEL27Uv965rYS5e"
    },
    {
      "artist": "Willyecho",
      "album": "Welcome to the Fire",
      "track": "Welcome to the Fire",
      "uri": "spotify:track:1wybXxUeY5yj4Zi7d6jAaW"
    },
    {
      "artist": "Joji",
      "album": "BALLADS 1",
      "track": "SLOW DANCING IN THE DARK",
      "uri": "spotify:track:0rKtyWc8bvkriBthvHKY8d"
    },
    {
      "artist": "GAYLE",
      "album": "abcdefu",
      "track": "abcdefu",
      "uri": "spotify:track:4fouWK6XVHhzl78KzQ1UjL"
    },
    {
      "artist": "Taylor Swift",
      "album": "Lover",
      "track": "It’s Nice To Have A Friend",
      "uri": "spotify:track:1SmiQ65iSAbPto6gPFlBYm"
    },
    {
      "artist": "Coffey Anderson",
      "album": "Boots and Jeans",
      "track": "Mr Red White and Blue",
      "uri": "spotify:track:2uJcLlydqLdGiiABFa4KfN"
    },
    {
      "artist": "One Direction",
      "album": "Midnight Memories (Deluxe)",
      "track": "Best Song Ever",
      "uri": "spotify:track:5T7ZFtCcOgkpjxcuaeZbw0"
    },
    {
      "artist": "The Score",
      "album": "ATLAS",
      "track": "Shakedown",
      "uri": "spotify:track:4Y3NhXIiXodNbyXdLpRF0n"
    },
    {
      "artist": "Alice Merton",
      "album": "Mint",
      "track": "No Roots",
      "uri": "spotify:track:3D5wnLaeVlCCIPzQOOAirA"
    },
    {
      "artist": "Ed Sheeran",
      "album": "+",
      "track": "The A Team",
      "uri": "spotify:track:1VdZ0vKfR5jneCmWIUAMxK"
    },
    {
      "artist": "A-Wall",
      "album": "Loverboy",
      "track": "Loverboy",
      "uri": "spotify:track:3CboywxfJIgvHqi2FF4exb"
    },
    {
      "artist": "KSHMR",
      "album": "Bombay Dreams (feat. Kavita Seth)",
      "track": "Bombay Dreams (feat. Kavita Seth)",
      "uri": "spotify:track:4SlCYFaUQ8GRuwdpgniaGF"
    },
    {
      "artist": "Zaeden",
      "album": "kya karoon?",
      "track": "kya karoon?",
      "uri": "spotify:track:2nF4CJQfTfwft6TYVYLKiI"
    },
    {
      "artist": "The Vamps",
      "album": "Night & Day",
      "track": "Shades On",
      "uri": "spotify:track:3OEsUZFJ4c7z3gz6o7v9C2"
    },
    {
      "artist": "BANNERS",
      "album": "Where The Shadow Ends",
      "track": "Supercollide",
      "uri": "spotify:track:1g6gEEmgSKUbCox1bWFCTE"
    },
    {
      "artist": "BoyWithUke",
      "album": "Fever Dreams",
      "track": "Two Moons",
      "uri": "spotify:track:5GxUKIEkMXXZo1Tif0IzfC"
    },
    {
      "artist": "Imagine Dragons",
      "album": "Evolve",
      "track": "I Don’t Know Why",
      "uri": "spotify:track:28heol5hhOGj6KYbJrRteJ"
    },
    {
      "artist": "Harry Styles",
      "album": "Harry's House",
      "track": "Late Night Talking",
      "uri": "spotify:track:1qEmFfgcLObUfQm0j1W2CK"
    },
    {
      "artist": "Lauv",
      "album": "I met you when I was 18. (the playlist)",
      "track": "I Like Me Better",
      "uri": "spotify:track:2P91MQbaiQOfbiz9VqhqKQ"
    },
    {
      "artist": "Nick Jonas",
      "album": "Right Now",
      "track": "Right Now",
      "uri": "spotify:track:43wzy7JxMEfvCh8ZFeZKYk"
    },
    {
      "artist": "Maroon 5",
      "album": "JORDI",
      "track": "Remedy (feat. Stevie Nicks)",
      "uri": "spotify:track:03blI4F6MeYd6kJx26VsJ2"
    },
    {
      "artist": "Sonu Nigam",
      "album": "Check That ! Ultimate Bollywood Remix",
      "track": "Tumse Milke Dil Ka (Mix)[Remix By Jatin Sharma]",
      "uri": "spotify:track:3upEKqHyWkRpkp8oXFwCn0"
    },
    {
      "artist": "Calum Scott",
      "album": "Only Human",
      "track": "You Are The Reason",
      "uri": "spotify:track:69vToJ9BMbbLlFZo7k7A7B"
    },
    {
      "artist": "Ashe",
      "album": "Moral of the Story",
      "track": "Moral of the Story",
      "uri": "spotify:track:2nC3QhMI9reBIOWutbU3Tj"
    },
    {
      "artist": "Preston Pablo",
      "album": "Flowers Need Rain",
      "track": "Flowers Need Rain",
      "uri": "spotify:track:079mntueS2KWjxVqOHjG70"
    },
    {
      "artist": "Clinton Kane",
      "album": "I GUESS I'M IN LOVE",
      "track": "I GUESS I'M IN LOVE",
      "uri": "spotify:track:1is8gU4RVcN4J8xItxWoOY"
    },
    {
      "artist": "Hayley Kiyoko",
      "album": "demons",
      "track": "chance",
      "uri": "spotify:track:30nXsFrTEuCUwTDoQvfSBQ"
    },
    {
      "artist": "Avicii",
      "album": "TIM",
      "track": "Hold The Line (feat. A R I Z O N A)",
      "uri": "spotify:track:6EBlOYNcZ8MrdEov9lEdV6"
    },
    {
      "artist": "Imagine Dragons",
      "album": "Night Visions",
      "track": "My Fault",
      "uri": "spotify:track:4uHNzoh5OW1oWHLYVZjGMk"
    },
    {
      "artist": "Tate McRae",
      "album": "TOO YOUNG TO BE SAD",
      "track": "rubberband",
      "uri": "spotify:track:2E8IlL26PwtZq7CqAHBBUw"
    },
    {
      "artist": "Alan Walker",
      "album": "Different World",
      "track": "Different World (feat. CORSAK)",
      "uri": "spotify:track:4heFQCyiW0RUEX1Q1lb008"
    },
    {
      "artist": "Rashid Ali",
      "album": "Jaane Tu... Ya Jaane Na",
      "track": "Kabhi Kabhi Aditi",
      "uri": "spotify:track:3APdIdF8H0jsxSuGOqXedS"
    },
    {
      "artist": "JP Saxe",
      "album": "If the World Was Ending (feat. Julia Michaels)",
      "track": "If the World Was Ending (feat. Julia Michaels)",
      "uri": "spotify:track:2kJwzbxV2ppxnQoYw4GLBZ"
    },
    {
      "artist": "Mad Q",
      "album": "Grace",
      "track": "Grace",
      "uri": "spotify:track:2YOLzRGMjNSgZ3KZimG2Rg"
    },
    {
      "artist": "Alec Benjamin",
      "album": "Narrated For You",
      "track": "If We Have Each Other",
      "uri": "spotify:track:7pT6WSg4PCt4mr5ZFyUfsF"
    },
    {
      "artist": "Stephen Dawes",
      "album": "Losing You",
      "track": "Losing You",
      "uri": "spotify:track:24PcKwVvoOkLlu8zkDwpAf"
    },
    {
      "artist": "Twenty One Pilots",
      "album": "Scaled And Icy",
      "track": "The Outside",
      "uri": "spotify:track:0yzj6eBs5a6X6d3P5qaQ5J"
    },
    {
      "artist": "Katy Perry",
      "album": "PRISM",
      "track": "Dark Horse",
      "uri": "spotify:track:4jbmgIyjGoXjY01XxatOx6"
    },
    {
      "artist": "Imagine Dragons",
      "album": "Evolve",
      "track": "Whatever It Takes",
      "uri": "spotify:track:6Qn5zhYkTa37e91HC1D7lb"
    },
    {
      "artist": "Dua Lipa",
      "album": "Future Nostalgia",
      "track": "Pretty Please",
      "uri": "spotify:track:6DXZiYUbrYgrVIhfX3U9Z2"
    },
    {
      "artist": "Zedd",
      "album": "Good Thing (with Kehlani)",
      "track": "Good Thing (with Kehlani)",
      "uri": "spotify:track:5aUSEPNd3m5xliFK4pn5mU"
    },
    {
      "artist": "Bo Burnham",
      "album": "Inside (The Songs)",
      "track": "Bezos I",
      "uri": "spotify:track:0Kdj7nwaYQmvhxnqZaIQuW"
    },
    {
      "artist": "American Authors",
      "album": "Oh, What A Life",
      "track": "Best Day Of My Life",
      "uri": "spotify:track:5Hroj5K7vLpIG4FNCRIjbP"
    },
    {
      "artist": "Loote",
      "album": "Your Side Of The Bed",
      "track": "Your Side Of The Bed (feat. Eric Nam)",
      "uri": "spotify:track:3dz63QjQVZy7RYPzx6l3JU"
    },
    {
      "artist": "Before You Exit",
      "album": "Silence",
      "track": "Silence",
      "uri": "spotify:track:43I0cN5CLOL5cqN27PabcE"
    },
    {
      "artist": "Coldplay",
      "album": "A Head Full of Dreams",
      "track": "Hymn for the Weekend",
      "uri": "spotify:track:3RiPr603aXAoi4GHyXx0uy"
    },
    {
      "artist": "Niall Horan",
      "album": "Flicker",
      "track": "Slow Hands",
      "uri": "spotify:track:2cOUlop2ZakjOKe4WinesN"
    },
    {
      "artist": "Surfaces",
      "album": "Pacifico",
      "track": "Come With Me",
      "uri": "spotify:track:16frIpnyUb9poRwQxQTmaC"
    },
    {
      "artist": "Joel Ansett",
      "album": "A Place I Knew Before",
      "track": "This Could Be",
      "uri": "spotify:track:1B3q53I9zJk6NROKVE3EBz"
    },
    {
      "artist": "Dean Lewis",
      "album": "A Place We Knew",
      "track": "Waves",
      "uri": "spotify:track:6w8pFOKn42O418qwcQElZ3"
    },
    {
      "artist": "Dylan",
      "album": "Nineteen",
      "track": "Nineteen",
      "uri": "spotify:track:1bkZht7OWHNYaLfge35Pqv"
    },
    {
      "artist": "Harry Styles",
      "album": "Fine Line",
      "track": "To Be So Lonely",
      "uri": "spotify:track:5JiH89mHrv9oWHlD0T326z"
    },
    {
      "artist": "Gryffin",
      "album": "Cry (with John Martin)",
      "track": "Cry (with John Martin)",
      "uri": "spotify:track:1TF8rXy87zrnpBlS9TLykA"
    },
    {
      "artist": "Why Don't We",
      "album": "Unbelievable",
      "track": "Unbelievable",
      "uri": "spotify:track:1LHfEkVMR0Yj20C8lWdgpA"
    },
    {
      "artist": "The Score",
      "album": "ATLAS",
      "track": "Unstoppable - Rebel Remix",
      "uri": "spotify:track:2qzz4ps7D2g7CEkc2ZPSLq"
    },
    {
      "artist": "The Vamps",
      "album": "Meet The Vamps",
      "track": "Somebody To You",
      "uri": "spotify:track:3QihIU0zB0c5H4AlwS21OS"
    },
    {
      "artist": "Conan Gray",
      "album": "Kid Krow",
      "track": "Heather",
      "uri": "spotify:track:4xqrdfXkTW4T0RauPLv3WA"
    },
    {
      "artist": "The Vamps",
      "album": "Wake Up",
      "track": "Million Words",
      "uri": "spotify:track:53ce7wMxFAET5xEG8zb6bY"
    },
    {
      "artist": "Marshmello",
      "album": "Silence",
      "track": "Silence",
      "uri": "spotify:track:7vGuf3Y35N4wmASOKLUVVU"
    },
    {
      "artist": "Pritam",
      "album": "Jab We Met",
      "track": "Tum Se Hi",
      "uri": "spotify:track:7eQl3Yqv35ioqUfveKHitE"
    },
    {
      "artist": "Tate McRae",
      "album": "TOO YOUNG TO BE SAD",
      "track": "slower",
      "uri": "spotify:track:4X3Br7EVc8oy44zUwU1z5w"
    },
    {
      "artist": "5 Seconds of Summer",
      "album": "Sounds Good Feels Good",
      "track": "Jet Black Heart",
      "uri": "spotify:track:6U0D8PIh75fnX6T6TWJLxl"
    },
    {
      "artist": "Mokita",
      "album": "London",
      "track": "London",
      "uri": "spotify:track:38o5lj4mbLK34vQkJUlMrg"
    },
    {
      "artist": "Why Don't We",
      "album": "I Still Do",
      "track": "I Still Do",
      "uri": "spotify:track:2fPA07dIaAh4xT4w13d16D"
    },
    {
      "artist": "Garrett Nash",
      "album": "us",
      "track": "i hate u, i love u (feat. olivia o'brien)",
      "uri": "spotify:track:7vRriwrloYVaoAe3a9wJHe"
    },
    {
      "artist": "Stephen Dawes",
      "album": "Junior Year",
      "track": "I Really Like U",
      "uri": "spotify:track:65K4bZRBRcBDetAk5P2ZIP"
    },
    {
      "artist": "The Weeknd",
      "album": "Beauty Behind The Madness",
      "track": "The Hills",
      "uri": "spotify:track:7fBv7CLKzipRk6EC6TWHOB"
    },
    {
      "artist": "BANNERS",
      "album": "Where The Shadow Ends",
      "track": "Someone To You",
      "uri": "spotify:track:2f0pn9DkEJwAzXApnFh5cr"
    },
    {
      "artist": "Niall Horan",
      "album": "Flicker",
      "track": "This Town",
      "uri": "spotify:track:0qvzXomUDJVaUboy2wMfiS"
    },
    {
      "artist": "Matt Hartke",
      "album": "Evergreen",
      "track": "Evergreen",
      "uri": "spotify:track:0qpuPn4rKmWmvU0A3YWU95"
    },
    {
      "artist": "Conan Gray",
      "album": "Kid Krow",
      "track": "Wish You Were Sober",
      "uri": "spotify:track:0kn2gu8Pd03DiYHzRvX2Xk"
    },
    {
      "artist": "YUNGBLUD",
      "album": "weird!",
      "track": "parents",
      "uri": "spotify:track:5v4OkFH0TJ6W1hCFxyn0px"
    },
    {
      "artist": "Ruth B.",
      "album": "Dandelions",
      "track": "Dandelions - slowed + reverb",
      "uri": "spotify:track:6fhG2KJgwO7CrNflRaRmvp"
    },
    {
      "artist": "Shankar-Ehsaan-Loy",
      "album": "Bhaag Milkha Bhaag (Original Motion Picture Soundtrack)",
      "track": "Slow Motion Angreza",
      "uri": "spotify:track:0JX7Es2j556FwtR6YqMKzP"
    },
    {
      "artist": "Farhan Akhtar",
      "album": "Zindagi Na Milegi Dobara",
      "track": "Senorita",
      "uri": "spotify:track:3TAhWtQnpoL5Vl9VQPl9fU"
    },
    {
      "artist": "Greyson Chance",
      "album": "Good As Gold",
      "track": "Good As Gold",
      "uri": "spotify:track:1Y3aTXHZRVSW2lJPpI0PPX"
    },
    {
      "artist": "Studio Killers",
      "album": "Jenny (I Wanna Ruin Our Friendship)",
      "track": "Jenny (I Wanna Ruin Our Friendship)",
      "uri": "spotify:track:4JLBDUYSaOMPYND0iWeSWQ"
    },
    {
      "artist": "Sam Smith",
      "album": "The Thrill Of It All",
      "track": "Too Good At Goodbyes",
      "uri": "spotify:track:1mXVgsBdtIVeCLJnSnmtdV"
    },
    {
      "artist": "Tate McRae",
      "album": "TOO YOUNG TO BE SAD",
      "track": "r u ok",
      "uri": "spotify:track:2ng0NW0HhJK0KTNZzZajRv"
    },
    {
      "artist": "Daya",
      "album": "Safe",
      "track": "Safe",
      "uri": "spotify:track:12wAQ0HNbJWVrVJA3woXDb"
    },
    {
      "artist": "Billie Eilish",
      "album": "Six Feet Under",
      "track": "Six Feet Under",
      "uri": "spotify:track:2VlLbhGLVJgdOW7kKdWWFc"
    },
    {
      "artist": "Ed Sheeran",
      "album": "÷",
      "track": "Perfect",
      "uri": "spotify:track:0tgVpDi06FyKpA1z0VMD4v"
    },
    {
      "artist": "Charlie Puth",
      "album": "Nine Track Mind",
      "track": "We Don't Talk Anymore (feat. Selena Gomez)",
      "uri": "spotify:track:06KyNuuMOX1ROXRhj787tj"
    },
    {
      "artist": "Toddy Smith",
      "album": "Natalina",
      "track": "Natalina",
      "uri": "spotify:track:6kXRxtfp7GfittuiOISi5x"
    },
    {
      "artist": "Zara Larsson",
      "album": "WOW (feat. Sabrina Carpenter)",
      "track": "WOW (feat. Sabrina Carpenter) - Remix",
      "uri": "spotify:track:5WokFKscrfGEGGLPTu3jgO"
    },
    {
      "artist": "M83",
      "album": "Hurry up, We're Dreaming",
      "track": "Wait",
      "uri": "spotify:track:01Q3OyB05mLgH01fpdAMPP"
    },
    {
      "artist": "AJR",
      "album": "It's On Us (Benefiting the \"It's On Us\" Campaign)",
      "track": "It's On Us (Benefiting the \"It's On Us\" Campaign)",
      "uri": "spotify:track:2AVZJ4u8JOhcYBX5yHGdrX"
    },
    {
      "artist": "Swanand Kirkire",
      "album": "Lootera",
      "track": "Monta Re",
      "uri": "spotify:track:5UHvVfewZKxwoB6gdhSFtr"
    },
    {
      "artist": "Get Set Go",
      "album": "So You've Ruined Your Life",
      "track": "Wait",
      "uri": "spotify:track:1NZkpqbSabZR28X5cr1SUz"
    },
    {
      "artist": "Tate McRae",
      "album": "TOO YOUNG TO BE SAD",
      "track": "you broke me first",
      "uri": "spotify:track:4l0RmWt52FxpVxMNni6i63"
    },
    {
      "artist": "Kygo",
      "album": "It Ain't Me (with Selena Gomez)",
      "track": "It Ain't Me (with Selena Gomez)",
      "uri": "spotify:track:3eR23VReFzcdmS7TYCrhCe"
    },
    {
      "artist": "Maroon 5",
      "album": "Overexposed",
      "track": "One More Night",
      "uri": "spotify:track:4XNrMwGx1SqP01sqkGTDmo"
    },
    {
      "artist": "Social House",
      "album": "Everything Changed…",
      "track": "Why You Always Gotta Start Something",
      "uri": "spotify:track:35tDiAFhUqR7FRWNtK3a6B"
    },
    {
      "artist": "Ellie Goulding",
      "album": "Slow Grenade",
      "track": "Close To Me",
      "uri": "spotify:track:0Ex9YxLxwRUwtGtnHjfo4X"
    },
    {
      "artist": "*NSYNC",
      "album": "No Strings Attached",
      "track": "Bye Bye Bye",
      "uri": "spotify:track:62bOmKYxYg7dhrC6gH9vFn"
    },
    {
      "artist": "Imagine Dragons",
      "album": "Mercury - Act 1",
      "track": "My Life",
      "uri": "spotify:track:3yPQ0T0w021ucbCqkKBku6"
    },
    {
      "artist": "Frawley",
      "album": "No One Can Fix Me",
      "track": "No One Can Fix Me",
      "uri": "spotify:track:4h60jyYhzyG060iYvtaQd1"
    },
    {
      "artist": "Samuel Lim",
      "album": "Eleanor",
      "track": "Eleanor",
      "uri": "spotify:track:1AvmE07nQgb31S7KF34Ez1"
    },
    {
      "artist": "Shawn Mendes",
      "album": "Shawn Mendes",
      "track": "If I Can't Have You",
      "uri": "spotify:track:2bT1PH7Cw3J9p3t7nlXCdh"
    },
    {
      "artist": "Sam MacPherson",
      "album": "Last Minute",
      "track": "Last Minute",
      "uri": "spotify:track:5DCkdoWNNVk6VRMhm85kA9"
    },
    {
      "artist": "Pav Dharia",
      "album": "Na Ja",
      "track": "Na Ja",
      "uri": "spotify:track:32LKwbmh6yVsWoRRF8DIvf"
    },
    {
      "artist": "Twenty One Pilots",
      "album": "Scaled And Icy",
      "track": "Mulberry Street",
      "uri": "spotify:track:19kX6hSlYH31js2SL4jgrj"
    },
    {
      "artist": "AJR",
      "album": "Bang!",
      "track": "Bang!",
      "uri": "spotify:track:0m7TguDgLue2LCaDF7B4qx"
    },
    {
      "artist": "Social House",
      "album": "Everything Changed…",
      "track": "Tropical Rain",
      "uri": "spotify:track:6tYqE4H8KP55zfx9vGVH6o"
    },
    {
      "artist": "John K",
      "album": "love + everything else",
      "track": "6 months",
      "uri": "spotify:track:2H2gnIJslIjrYzNciqLm0Y"
    },
    {
      "artist": "Arijit Singh",
      "album": "2 States",
      "track": "Mast Magan",
      "uri": "spotify:track:3uL1IBFhg52VcQqOwAG01E"
    },
    {
      "artist": "NIKI",
      "album": "lowkey",
      "track": "lowkey",
      "uri": "spotify:track:5TTXEcfsYLh6fTarLaevTi"
    },
    {
      "artist": "PRETTYMUCH",
      "album": "Phases - EP",
      "track": "Eyes Off You",
      "uri": "spotify:track:0VpEX8ib3wE7u8NOw4szU6"
    },
    {
      "artist": "A.R. Rahman",
      "album": "Raanjhanaa (Original Motion Picture Soundtrack)",
      "track": "Raanjhanaa",
      "uri": "spotify:track:5OMUXgfXsSukZ0zxelpC3b"
    },
    {
      "artist": "OneRepublic",
      "album": "Run",
      "track": "Run",
      "uri": "spotify:track:2UbVnbE5FH6008mAm6Mmgw"
    },
    {
      "artist": "Jordan Hart",
      "album": "Only Pieces of the Truth",
      "track": "I Don't Want to Let You Go",
      "uri": "spotify:track:2BadLekL4fUfGsxh74Yey8"
    },
    {
      "artist": "Mark Ronson",
      "album": "Uptown Special",
      "track": "Uptown Funk (feat. Bruno Mars)",
      "uri": "spotify:track:32OlwWuMpZ6b0aN2RZOeMS"
    },
    {
      "artist": "Neeraj Shridhar",
      "album": "Cocktail",
      "track": "Tum Hi Ho Bandhu (From \"Cocktail\")",
      "uri": "spotify:track:4pE05HNzmVFGpCOfNKE3w6"
    },
    {
      "artist": "Parmish Verma",
      "album": "Do Gabru - Mankirt Aulakh & Parmish Verma",
      "track": "Gaal Ni Kadni",
      "uri": "spotify:track:4B1g6z8mBIwPhEoETNHrVl"
    },
    {
      "artist": "Taylor Swift",
      "album": "reputation",
      "track": "Don’t Blame Me",
      "uri": "spotify:track:1R0a2iXumgCiFb7HEZ7gUE"
    },
    {
      "artist": "Why Don't We",
      "album": "The Good Times and The Bad Ones",
      "track": "Stay",
      "uri": "spotify:track:6bMEM4D6A6gdhNvJcVgAeJ"
    },
    {
      "artist": "The Cab",
      "album": "Lock Me Up",
      "track": "Moon",
      "uri": "spotify:track:2e8nVei4B3HyfE3sDEvfLN"
    },
    {
      "artist": "Linkin Park",
      "album": "One More Light",
      "track": "Battle Symphony",
      "uri": "spotify:track:3FQCJI2t5LTbsRPfYVBSVB"
    },
    {
      "artist": "Raman Mahadevan",
      "album": "Taare Zameen Par",
      "track": "Kholo Kholo",
      "uri": "spotify:track:1IfhPnZpm0IZOoAM1PDjtw"
    },
    {
      "artist": "Lukas Graham",
      "album": "Share That Love (feat. G-Eazy)",
      "track": "Share That Love (feat. G-Eazy)",
      "uri": "spotify:track:44l9nnCVvOQBbWG6tDViKl"
    },
    {
      "artist": "Dan + Shay",
      "album": "I Should Probably Go To Bed",
      "track": "I Should Probably Go To Bed",
      "uri": "spotify:track:5ovVcYo2MvjVydFwFyaaqy"
    },
    {
      "artist": "Imagine Dragons",
      "album": "Wrecked",
      "track": "Wrecked",
      "uri": "spotify:track:2d1MywHy6FwKdzxFuSJnwl"
    },
    {
      "artist": "Imagine Dragons",
      "album": "Enemy",
      "track": "Enemy - From the series Arcane League of Legends",
      "uri": "spotify:track:5UlnuulVAVmmesw4VzqHdG"
    },
    {
      "artist": "Who Is Fancy",
      "album": "Goodbye",
      "track": "Goodbye",
      "uri": "spotify:track:6K5xY7EabiBLjd2HuBQIak"
    },
    {
      "artist": "Maroon 5",
      "album": "Red Pill Blues",
      "track": "Bet My Heart",
      "uri": "spotify:track:0RqTAf0gX3pXAJYAbYRDqA"
    },
    {
      "artist": "Fall Out Boy",
      "album": "American Beauty/American Psycho",
      "track": "Centuries",
      "uri": "spotify:track:04aAxqtGp5pv12UXAg4pkq"
    },
    {
      "artist": "John Mayer",
      "album": "The Search for Everything",
      "track": "You're Gonna Live Forever in Me",
      "uri": "spotify:track:51lPx6ZCSalL2kvSrDUyJc"
    },
    {
      "artist": "Atif Aslam",
      "album": "Dekhte Dekhte (From \"Batti Gul Meter Chalu\")",
      "track": "Dekhte Dekhte (From \"Batti Gul Meter Chalu\")",
      "uri": "spotify:track:0Iz4CkptElGHo16r797Jsb"
    },
    {
      "artist": "YUNGBLUD",
      "album": "the underrated youth",
      "track": "parents",
      "uri": "spotify:track:68rVGSTnCiFOET9k5Vd8Se"
    },
    {
      "artist": "Zaeden",
      "album": "tere bina",
      "track": "tere bina - Acoustic",
      "uri": "spotify:track:0wr1v0WSbEnmOm0B22yYHz"
    },
    {
      "artist": "Zippers",
      "album": "Neues Jahres Feten Hits",
      "track": "Can't Hold Us - Remix",
      "uri": "spotify:track:3b9JIJIIASUZo4Q8Wmf4M4"
    },
    {
      "artist": "The Tide",
      "album": "Young Love",
      "track": "Put The Cuffs On Me",
      "uri": "spotify:track:73aVteVqjn4luZ5hPjCYAp"
    },
    {
      "artist": "Sam Tinnesz",
      "album": "Play with Fire (feat. Yacht Money)",
      "track": "Play with Fire (feat. Yacht Money)",
      "uri": "spotify:track:7vguMCv8uVuZLiQJ156u3Z"
    },
    {
      "artist": "Mark Tuan",
      "album": "One in a Million",
      "track": "One in a Million",
      "uri": "spotify:track:1dkhx3oH7UVYnWaVCPSQY7"
    },
    {
      "artist": "Elton John",
      "album": "After All",
      "track": "After All",
      "uri": "spotify:track:38UDoZyudPWXLzXRAb71oP"
    },
    {
      "artist": "Avicii",
      "album": "TIM",
      "track": "Excuse Me Mr Sir (feat. Vargas & Lagola)",
      "uri": "spotify:track:5dVUSdsePmEKkq4ryfrobU"
    },
    {
      "artist": "Hozier",
      "album": "Wasteland, Baby!",
      "track": "Almost (Sweet Music)",
      "uri": "spotify:track:7uttm8Iurm5uK67Vr9G2Sp"
    },
    {
      "artist": "Liam Payne",
      "album": "Strip That Down",
      "track": "Strip That Down",
      "uri": "spotify:track:4Ro98RCK90oHqqSZUnTFq5"
    },
    {
      "artist": "G.E.M.",
      "album": "新的心跳",
      "track": "來自天堂的魔鬼",
      "uri": "spotify:track:0g2XnkKghVN22yze1gTJzl"
    },
    {
      "artist": "Ariana Grande",
      "album": "Positions",
      "track": "34+35",
      "uri": "spotify:track:6Im9k8u9iIzKMrmV7BWtlF"
    },
    {
      "artist": "League of Legends",
      "album": "Legends Never Die (Alan Walker Remix)",
      "track": "Legends Never Die (Alan Walker Remix)",
      "uri": "spotify:track:0kiYDq0MKIhDXLWPgUvrUr"
    },
    {
      "artist": "Camila Cabello",
      "album": "Camila",
      "track": "Never Be the Same",
      "uri": "spotify:track:4eWQlBRaTjPPUlzacqEeoQ"
    },
    {
      "artist": "Julia Michaels",
      "album": "All Your Exes",
      "track": "All Your Exes",
      "uri": "spotify:track:2SDswD3RdceDWthkgCrCCU"
    },
    {
      "artist": "Ruth B.",
      "album": "Safe Haven",
      "track": "Dandelions",
      "uri": "spotify:track:2eAvDnpXP5W0cVtiI0PUxV"
    },
    {
      "artist": "Hugo Helmig",
      "album": "Champagne Problems",
      "track": "Champagne Problems",
      "uri": "spotify:track:0DHISZzH1hcWwvkyksg6uu"
    },
    {
      "artist": "Gryffin",
      "album": "Winnebago (feat. Quinn XCII & Daniel Wilson)",
      "track": "Winnebago (feat. Quinn XCII & Daniel Wilson)",
      "uri": "spotify:track:2FVm4ADgYRIQWlpYKDPdl9"
    },
    {
      "artist": "Calvin Harris",
      "album": "One Kiss (with Dua Lipa)",
      "track": "One Kiss (with Dua Lipa)",
      "uri": "spotify:track:7ef4DlsgrMEH11cDZd32M6"
    },
    {
      "artist": "Dua Lipa",
      "album": "Dua Lipa",
      "track": "IDGAF",
      "uri": "spotify:track:76cy1WJvNGJTj78UqeA5zr"
    },
    {
      "artist": "Ocie Elliott",
      "album": "EP",
      "track": "Down by the Water",
      "uri": "spotify:track:4Vutl1Y7OJOBwIqVISNmzL"
    },
    {
      "artist": "Frankie Valli & The Four Seasons",
      "album": "Who Loves You",
      "track": "December, 1963 (Oh What a Night!)",
      "uri": "spotify:track:1hQFF33xi8ruavZNyovtUN"
    },
    {
      "artist": "Sabrina Carpenter",
      "album": "EVOLution",
      "track": "Thumbs",
      "uri": "spotify:track:6WC5fhc9XMaCrUNKNjm9xE"
    },
    {
      "artist": "Imagine Dragons",
      "album": "Mercury - Act 1",
      "track": "Lonely",
      "uri": "spotify:track:1Za3bmODi0tz9pnlZE58ug"
    },
    {
      "artist": "The Score",
      "album": "ATLAS",
      "track": "Never Going Back",
      "uri": "spotify:track:4hT5NcdAwYryjYrJn7ttFo"
    },
    {
      "artist": "Anuv Jain",
      "album": "Meri Baaton Mein Tu",
      "track": "Meri Baaton Mein Tu",
      "uri": "spotify:track:5nTbPFqLKmQdIg1SD8KgG4"
    },
    {
      "artist": "Akon",
      "album": "Konvicted",
      "track": "Smack That",
      "uri": "spotify:track:3qKGvSu1inEZKwYQnMavNA"
    },
    {
      "artist": "Julia Michaels",
      "album": "Fifty Shades Freed",
      "track": "Heaven",
      "uri": "spotify:track:1T575AhHueYinKSDflEsGK"
    },
    {
      "artist": "Parul Mishra",
      "album": "Aspirants: Season 1 (Music From the TVF Original Series)",
      "track": "Mohbhang",
      "uri": "spotify:track:6xIWpjKa6qTPnNCu5VRFRE"
    },
    {
      "artist": "James Bay",
      "album": "Us",
      "track": "Us",
      "uri": "spotify:track:2lmMt4SRDXDma6QkJUox0D"
    },
    {
      "artist": "Uzumaki Baka",
      "album": "Agar Tum Sath Ho Remix",
      "track": "Agar Tum Sath Ho Remix",
      "uri": "spotify:track:6jEAT04CFnt3ayoTczogqq"
    },
    {
      "artist": "benny blanco",
      "album": "Eastside (with Halsey & Khalid)",
      "track": "Eastside (with Halsey & Khalid)",
      "uri": "spotify:track:0d2iYfpKoM0QCKvcLCkBao"
    },
    {
      "artist": "The Local Train",
      "album": "Aalas Ka Pedh",
      "track": "Bandey",
      "uri": "spotify:track:2sNMcxZh7AwImXtrv8UV3S"
    },
    {
      "artist": "Valley",
      "album": "Like 1999",
      "track": "Like 1999 - Late Night Mix",
      "uri": "spotify:track:7s0X4wWySiulPPh8EXnjyn"
    },
    {
      "artist": "Maroon 5",
      "album": "Red Pill Blues",
      "track": "Help Me Out (with Julia Michaels)",
      "uri": "spotify:track:2C1Bhc9B8VoatLK71jcqpU"
    },
    {
      "artist": "Linkin Park",
      "album": "LIVING THINGS",
      "track": "CASTLE OF GLASS",
      "uri": "spotify:track:1r1fPuhj9H4VdXr7OK6FL5"
    },
    {
      "artist": "FLETCHER",
      "album": "you ruined new york city for me",
      "track": "If You're Gonna Lie",
      "uri": "spotify:track:0mPTZjG5PElXTUIxj1nqgp"
    },
    {
      "artist": "Matt Maeson",
      "album": "The Hearse",
      "track": "Put It on Me",
      "uri": "spotify:track:7tySfDFfBiCjraLdoy6In5"
    },
    {
      "artist": "The Lumineers",
      "album": "Cleopatra",
      "track": "Ophelia",
      "uri": "spotify:track:5NORWMFC27ywGSZxi8uquP"
    },
    {
      "artist": "Anderson .Paak",
      "album": "Shang-Chi and The Legend of The Ten Rings: The Album",
      "track": "Fire In The Sky",
      "uri": "spotify:track:3zpGIFghtnVlwMXWyKW474"
    },
    {
      "artist": "The Chainsmokers",
      "album": "World War Joy",
      "track": "See The Way",
      "uri": "spotify:track:6VWz99969QmNc2gWo21ktl"
    },
    {
      "artist": "Frawley",
      "album": "Ain't Nobody's Baby",
      "track": "Ain't Nobody's Baby",
      "uri": "spotify:track:1fTuWEkpSr2MyKxR8ifack"
    },
    {
      "artist": "Lauv",
      "album": "~how i'm feeling~",
      "track": "Modern Loneliness",
      "uri": "spotify:track:1eyek0KJEh2v5HQ9uQSybb"
    },
    {
      "artist": "Extreme",
      "album": "Extreme II - Pornograffitti",
      "track": "More Than Words",
      "uri": "spotify:track:1gVgkQFOKa8Wc1HYsJtPdH"
    },
    {
      "artist": "Why Don't We",
      "album": "I Don't Belong In This Club",
      "track": "I Don't Belong In This Club",
      "uri": "spotify:track:45ZGEdLxCZvdMX9jWlsAAx"
    },
    {
      "artist": "James TW",
      "album": "Chapters",
      "track": "You & Me",
      "uri": "spotify:track:1bQhZOoXYqjXs7u7rFXo0h"
    },
    {
      "artist": "Lewis Capaldi",
      "album": "Divinely Uninspired To A Hellish Extent",
      "track": "Bruises",
      "uri": "spotify:track:4Of7rzpRpV1mWRbhp5rAqG"
    },
    {
      "artist": "Why Don't We",
      "album": "These Girls",
      "track": "These Girls",
      "uri": "spotify:track:1Fc4NYNUePCq7ab5ftg7Ty"
    },
    {
      "artist": "Amrinder Gill",
      "album": "Judaa 3 Chapter 1",
      "track": "Band Darvaze",
      "uri": "spotify:track:2R3doWDwQx2uDYSreKowEQ"
    },
    {
      "artist": "Bazzi",
      "album": "COSMIC",
      "track": "3:15",
      "uri": "spotify:track:6pmZMP2ET1OJi5rKfLO8jD"
    },
    {
      "artist": "Alan Walker",
      "album": "Different World",
      "track": "Diamond Heart",
      "uri": "spotify:track:0nrWZWkJM62ftQJSI8fDc0"
    },
    {
      "artist": "Zara Larsson",
      "album": "So Good",
      "track": "Only You",
      "uri": "spotify:track:5SleX0NFeODNY7Xenal3gr"
    },
    {
      "artist": "Selena Gomez",
      "album": "Back To You",
      "track": "Back To You - From 13 Reasons Why – Season 2 Soundtrack",
      "uri": "spotify:track:4hQ6UGyWQIGJmHSo0J88JW"
    },
    {
      "artist": "Ber",
      "album": "Meant To Be",
      "track": "Meant To Be",
      "uri": "spotify:track:136J2Jkg8sG7P5wilO9P1R"
    },
    {
      "artist": "Sigala",
      "album": "Brighter Days",
      "track": "We Don't Care",
      "uri": "spotify:track:6THwtgImf1ZAR2w3iknjeS"
    },
    {
      "artist": "Joel Adams",
      "album": "Please Don't Go",
      "track": "Please Don't Go",
      "uri": "spotify:track:3cNjgVBKTJ1SvKhunrCdVy"
    },
    {
      "artist": "The Maine",
      "album": "Lovely Little Lonely",
      "track": "Taxi",
      "uri": "spotify:track:6tkDUCTp0PmHH9BRNCYaJJ"
    },
    {
      "artist": "Vismay Patel",
      "album": "Pal Behta Jaaye",
      "track": "Pal Behta Jaaye",
      "uri": "spotify:track:0fIbPMXnTdyuW2UirA9mWQ"
    },
    {
      "artist": "5 Seconds of Summer",
      "album": "Youngblood",
      "track": "Youngblood",
      "uri": "spotify:track:2iUXsYOEPhVqEBwsqP70rE"
    },
    {
      "artist": "The Chainsmokers",
      "album": "World War Joy",
      "track": "Kills You Slowly",
      "uri": "spotify:track:2PgMUAn2bBpm8gz6yAXvVL"
    },
    {
      "artist": "Sidhu Moose Wala",
      "album": "Tochan",
      "track": "Tochan",
      "uri": "spotify:track:13do7ebEnDBZOdpldPnfGZ"
    },
    {
      "artist": "James Arthur",
      "album": "Back from the Edge",
      "track": "Train Wreck",
      "uri": "spotify:track:55Am8neGJkdj2ADaM3aw5H"
    },
    {
      "artist": "Momina Mustehsan",
      "album": "Coke Studio: Season 9",
      "track": "Tera Woh Pyar (Nawazishein Karam)",
      "uri": "spotify:track:35XOutkHJChtKfO4kG6CED"
    },
    {
      "artist": "5 Seconds of Summer",
      "album": "CALM",
      "track": "Not In The Same Way",
      "uri": "spotify:track:4vFQ269uWJUjUKoffU0qUn"
    },
    {
      "artist": "Kodaline",
      "album": "Politics of Living",
      "track": "Hell Froze Over",
      "uri": "spotify:track:1VqmEOKrIBxNbnvMaTfssE"
    },
    {
      "artist": "Every Other Year",
      "album": "Yesterday",
      "track": "Yesterday",
      "uri": "spotify:track:6ABNExsczWIham1I650AbP"
    },
    {
      "artist": "Tate McRae",
      "album": "TOO YOUNG TO BE SAD",
      "track": "bad ones",
      "uri": "spotify:track:6CYT0souHUHKTO4EMzTUFg"
    },
    {
      "artist": "Sunidhi Chauhan",
      "album": "Rab Ne Bana Di Jodi",
      "track": "Dance Pe Chance",
      "uri": "spotify:track:5EqggGHTuqiUfruO2gMHhI"
    },
    {
      "artist": "King",
      "album": "Tum Saath Rehnaa",
      "track": "Tum Saath Rehnaa",
      "uri": "spotify:track:4Ft4Tj0l8kzfKBv8vGuR4t"
    },
    {
      "artist": "Social House",
      "album": "Magic In The Hamptons (feat. Lil Yachty)",
      "track": "Magic In The Hamptons (feat. Lil Yachty)",
      "uri": "spotify:track:2Yer0p7uB2lVBUAtANuuQp"
    },
    {
      "artist": "Kelsea Ballerini",
      "album": "Unapologetically",
      "track": "Miss Me More",
      "uri": "spotify:track:647MV7NvGdOtq5qNcDdLBL"
    },
    {
      "artist": "Madison Beer",
      "album": "Good In Goodbye",
      "track": "Good In Goodbye",
      "uri": "spotify:track:1GVF9369j7InydwGztCDIZ"
    },
    {
      "artist": "Matt Hartke",
      "album": "London's Song",
      "track": "London's Song",
      "uri": "spotify:track:1Mk9ou2m6hsEZJYuNRJFpO"
    },
    {
      "artist": "Anne-Marie",
      "album": "Therapy",
      "track": "Our Song",
      "uri": "spotify:track:3fGW43fnu3OHEw6ohTC2Bw"
    },
    {
      "artist": "Roy Orbison",
      "album": "The Essential Roy Orbison",
      "track": "Oh, Pretty Woman",
      "uri": "spotify:track:52HAHV1j93s5B8GoTNI7DJ"
    },
    {
      "artist": "Kane Brown",
      "album": "Memory",
      "track": "Memory",
      "uri": "spotify:track:34chhNX59Wo9HMFCsI3K8Y"
    },
    {
      "artist": "Halsey",
      "album": "Nightmare",
      "track": "Nightmare",
      "uri": "spotify:track:340UVheS8z3ncW9TTUhAbc"
    },
    {
      "artist": "Atif Aslam",
      "album": "Jab Koi Baat - Recreated",
      "track": "Jab Koi Baat - Recreated",
      "uri": "spotify:track:43GfQ1SC17rBWiHkOtdwK8"
    },
    {
      "artist": "Tate McRae",
      "album": "you broke me first",
      "track": "you broke me first",
      "uri": "spotify:track:45bE4HXI0AwGZXfZtMp8JR"
    },
    {
      "artist": "Monsta X",
      "album": "SOMEONE'S SOMEONE",
      "track": "SOMEONE'S SOMEONE",
      "uri": "spotify:track:0nP9JFMx8z5QNl5Ph8ExEa"
    },
    {
      "artist": "Coldplay",
      "album": "Parachutes",
      "track": "Yellow",
      "uri": "spotify:track:3AJwUDP919kvQ9QcozQPxg"
    },
    {
      "artist": "Bohemia",
      "album": "Same Beef",
      "track": "Same Beef",
      "uri": "spotify:track:65c6VCikt7f5sAS1heoYQC"
    },
    {
      "artist": "Sia",
      "album": "LABRINTH, SIA & DIPLO PRESENT... LSD",
      "track": "Genius (feat. Sia, Diplo, and Labrinth)",
      "uri": "spotify:track:4xigPf2sigSPmuFH3qCelB"
    },
    {
      "artist": "Imagine Dragons",
      "album": "Mercury - Acts 1 & 2",
      "track": "My Life",
      "uri": "spotify:track:0E0kxko3i9b5JxxMoGH3At"
    },
    {
      "artist": "Sleeping At Last",
      "album": "Atlas: I",
      "track": "Saturn",
      "uri": "spotify:track:3tJjZMHLqhD8DaGgdBICnc"
    },
    {
      "artist": "Amrinder Gill",
      "album": "Tu Mera 22 Mein Tera 22",
      "track": "Main Naiyo Jaana",
      "uri": "spotify:track:6S5ye6RnJq0oTxmCfyyAOu"
    },
    {
      "artist": "Pavement",
      "album": "Terror Twilight",
      "track": "Spit on a Stranger",
      "uri": "spotify:track:6qmFqZpBMbPEDw4vniOdMv"
    },
    {
      "artist": "The Chainsmokers",
      "album": "Memories...Do Not Open",
      "track": "Bloodstream",
      "uri": "spotify:track:26AuyrZGzWWiYZPSd3XBIg"
    },
    {
      "artist": "Chris Brown",
      "album": "Forever",
      "track": "Forever",
      "uri": "spotify:track:3NZJlJemX3mzjf56MqC5ML"
    },
    {
      "artist": "Imagine Dragons",
      "album": "Night Visions",
      "track": "Working Man",
      "uri": "spotify:track:3fipHLkzOLcHciI86QgOAB"
    },
    {
      "artist": "Ellie Goulding",
      "album": "Delirium",
      "track": "Love Me Like You Do - From \"Fifty Shades Of Grey\"",
      "uri": "spotify:track:3zHq9ouUJQFQRf3cm1rRLu"
    },
    {
      "artist": "Maroon 5",
      "album": "Red Pill Blues",
      "track": "Lips On You",
      "uri": "spotify:track:6SEBdRAW54AFwa8spgf0Ws"
    },
    {
      "artist": "Arijit Singh",
      "album": "Mary Kom",
      "track": "Saudebaazi",
      "uri": "spotify:track:7jnlJd1xYkR7jUe8gzJZxQ"
    },
    {
      "artist": "Tai Verdes",
      "album": "A-O-K",
      "track": "A-O-K",
      "uri": "spotify:track:4CbrNGvwVjneG8Nk9YQqMR"
    },
    {
      "artist": "Fitz and The Tantrums",
      "album": "Fitz and The Tantrums",
      "track": "HandClap",
      "uri": "spotify:track:7j56HrjR9cGzvekvZY3Faz"
    },
    {
      "artist": "Valley",
      "album": "Like 1999",
      "track": "Like 1999",
      "uri": "spotify:track:0fWumcFAyiznjreNIXlfm6"
    },
    {
      "artist": "Charlie Puth",
      "album": "Hard On Yourself",
      "track": "Hard On Yourself",
      "uri": "spotify:track:6o4LOloYJc8yu0CdvOvifU"
    },
    {
      "artist": "Martin Garrix",
      "album": "There for You",
      "track": "There for You",
      "uri": "spotify:track:6jA8HL9i4QGzsj6fjoxp8Y"
    },
    {
      "artist": "Troye Sivan",
      "album": "Strawberries & Cigarettes",
      "track": "Strawberries & Cigarettes",
      "uri": "spotify:track:3afkJSKX0EAMsJXTZnDXXJ"
    },
    {
      "artist": "Camila Cabello",
      "album": "Romance",
      "track": "My Oh My (feat. DaBaby)",
      "uri": "spotify:track:3yOlyBJuViE2YSGn3nVE1K"
    },
    {
      "artist": "girl in red",
      "album": "summer depression",
      "track": "summer depression",
      "uri": "spotify:track:2zPcVDSpYNVKQ5c7jR7MXj"
    },
    {
      "artist": "Garry Sandhu",
      "album": "Illegal Weapon",
      "track": "Illegal Weapon",
      "uri": "spotify:track:3Oe3VdPn6rAueriQvFhCBA"
    },
    {
      "artist": "A.R. Rahman",
      "album": "Mimi",
      "track": "Param Sundari",
      "uri": "spotify:track:3KeMulXbLDJBQdY5PZbGEh"
    },
    {
      "artist": "Adnan Sami",
      "album": "Bajrangi Bhaijaan",
      "track": "Bhar Do Jholi Meri",
      "uri": "spotify:track:52qnHAlqWpo3kgEteAPjRf"
    },
    {
      "artist": "Kelsea Ballerini",
      "album": "I Quit Drinking",
      "track": "I Quit Drinking",
      "uri": "spotify:track:6OcCk1dbAb7XNHsC098oEM"
    },
    {
      "artist": "Why Don't We",
      "album": "Only The Beginning",
      "track": "Taking You",
      "uri": "spotify:track:0W8ClrRmKyMEnW34Zadtdq"
    },
    {
      "artist": "5 Seconds of Summer",
      "album": "CALM",
      "track": "Old Me",
      "uri": "spotify:track:58qO4dGa5SgNdtvqvpewyz"
    },
    {
      "artist": "Eddie Money",
      "album": "Can't Hold Back",
      "track": "Take Me Home Tonight",
      "uri": "spotify:track:7b4yGtR0rujvLi5EBfKKJ2"
    },
    {
      "artist": "PUBLIC",
      "album": "Make You Mine",
      "track": "Make You Mine",
      "uri": "spotify:track:5iFwAOB2TFkPJk8sMlxP8g"
    },
    {
      "artist": "OneRepublic",
      "album": "Connection",
      "track": "Connection",
      "uri": "spotify:track:3T4UodGkfZObJ43RtA5KFU"
    },
    {
      "artist": "Mark Tuan",
      "album": "Shang-Chi and The Legend of The Ten Rings: The Album",
      "track": "Never Gonna Come Down",
      "uri": "spotify:track:2u2QmdOex0MnbWuHmC7jcD"
    },
    {
      "artist": "Amrinder Gill",
      "album": "Judda",
      "track": "Asi Gabru Punjabi",
      "uri": "spotify:track:5VBOCBzMVk3BsSQqxICQHf"
    },
    {
      "artist": "Raghav",
      "album": "Storyteller",
      "track": "Teri Baaton",
      "uri": "spotify:track:7BgYR9r202eRYKMgCtebII"
    },
    {
      "artist": "blackbear",
      "album": "if i were u (with Lauv)",
      "track": "if i were u (with Lauv)",
      "uri": "spotify:track:0CF1RH8dQKuK2lQPSQw2lZ"
    },
    {
      "artist": "BØRNS",
      "album": "Dopamine",
      "track": "Electric Love",
      "uri": "spotify:track:2GiJYvgVaD2HtM8GqD9EgQ"
    },
    {
      "artist": "Craig David",
      "album": "Born to Do It",
      "track": "Walking Away",
      "uri": "spotify:track:3R7fjB38qajI6JR69y5k4e"
    },
    {
      "artist": "Sidhu Moose Wala",
      "album": "So High",
      "track": "So High",
      "uri": "spotify:track:6qsThtoP7klejh0zJREwEO"
    },
    {
      "artist": "Color Music Choir",
      "album": "Fairy New Year",
      "track": "Fairy New Year",
      "uri": "spotify:track:347N9Kik1xjut7oWTkOv9t"
    },
    {
      "artist": "FINNEAS",
      "album": "New Girl",
      "track": "New Girl",
      "uri": "spotify:track:5xtBRnNNSUihY0J6zi4Ytc"
    },
    {
      "artist": "Shankar-Ehsaan-Loy",
      "album": "Kabhi Alvida Naa Kehna (Original Motion Picture Soundtrack)",
      "track": "Kabhi Alvida Naa Kehna",
      "uri": "spotify:track:4uXShFWajd1PTQzlW3P4jj"
    },
    {
      "artist": "Kris Orlowski",
      "album": "Barely Hanging on (Hostage)",
      "track": "Barely Hanging on (Hostage)",
      "uri": "spotify:track:4PzzuFwy1QJXuMdFmQCr6x"
    },
    {
      "artist": "Astrid S",
      "album": "Astrid S",
      "track": "Hurts So Good",
      "uri": "spotify:track:46ydq5g3k17iLJs3qMDvO6"
    },
    {
      "artist": "Avicii",
      "album": "TIM",
      "track": "Ain't A Thing (feat. Bonn)",
      "uri": "spotify:track:3MhNgzZwFtUF6jSr6pRSkW"
    },
    {
      "artist": "Seven Lions",
      "album": "First Time (feat. Dylan Matthew)",
      "track": "First Time (feat. Dylan Matthew)",
      "uri": "spotify:track:27YD36FUikKxbp3bKSiKGZ"
    },
    {
      "artist": "Niall Horan",
      "album": "Heartbreak Weather",
      "track": "Put A Little Love On Me",
      "uri": "spotify:track:7LyBwug9tJgbaEzRCqtY78"
    },
    {
      "artist": "New Hope Club",
      "album": "New Hope Club",
      "track": "Fixed",
      "uri": "spotify:track:3k28sZ2VUd6ko3FyJQAObQ"
    },
    {
      "artist": "Ber",
      "album": "Feels So Easy",
      "track": "Feels So Easy",
      "uri": "spotify:track:671QGJAMRtE5Gtaa3T8GV4"
    },
    {
      "artist": "Passenger",
      "album": "All The Little Lights",
      "track": "Let Her Go",
      "uri": "spotify:track:2jyjhRf6DVbMPU5zxagN2h"
    },
    {
      "artist": "Maroon 5",
      "album": "Red Pill Blues",
      "track": "Wait",
      "uri": "spotify:track:3T9CfDxFYqZWSKxd0BhZrb"
    },
    {
      "artist": "Jeremy Zucker",
      "album": "glisten",
      "track": "all the kids are depressed",
      "uri": "spotify:track:75ls0gurX68lUmMjE7QcsE"
    },
    {
      "artist": "Glass Animals",
      "album": "Dreamland",
      "track": "Heat Waves",
      "uri": "spotify:track:3USxtqRwSYz57Ewm6wWRMp"
    },
    {
      "artist": "Camila Cabello",
      "album": "Camila",
      "track": "Havana (feat. Young Thug)",
      "uri": "spotify:track:1rfofaqEpACxVEHIZBJe6W"
    },
    {
      "artist": "Lewis Capaldi",
      "album": "Divinely Uninspired To A Hellish Extent",
      "track": "Someone You Loved",
      "uri": "spotify:track:7qEHsqek33rTcFNT9PFqLf"
    },
    {
      "artist": "Justin Bieber",
      "album": "Anyone",
      "track": "Anyone",
      "uri": "spotify:track:31qCy5ZaophVA81wtlwLc4"
    },
    {
      "artist": "Harry Styles",
      "album": "Fine Line",
      "track": "Sunflower, Vol. 6",
      "uri": "spotify:track:6iYMfxznTBlcVOgRHab2W0"
    },
    {
      "artist": "MEDUZA",
      "album": "Lose Control",
      "track": "Lose Control",
      "uri": "spotify:track:7CHi4DtfK4heMlQaudCuHK"
    },
    {
      "artist": "Zedd",
      "album": "Stay",
      "track": "Stay",
      "uri": "spotify:track:6uBhi9gBXWjanegOb2Phh0"
    },
    {
      "artist": "Niall Horan",
      "album": "Nice To Meet Ya",
      "track": "Nice To Meet Ya",
      "uri": "spotify:track:3cphb8kdsjElYR7r5icK3H"
    },
    {
      "artist": "Zaeden",
      "album": "Genesis 1:1",
      "track": "dooriyan",
      "uri": "spotify:track:1HGtTmgl1sEycuS9lJviWQ"
    },
    {
      "artist": "Daya",
      "album": "Sit Still, Look Pretty",
      "track": "Sit Still, Look Pretty",
      "uri": "spotify:track:2DpCdPMg1BADE4HDnxt3Rd"
    },
    {
      "artist": "Amogh Agarwal",
      "album": "Main To Hun Pagal",
      "track": "Main To Hun Pagal",
      "uri": "spotify:track:43YvLAepLZu5BipJrTRlPT"
    },
    {
      "artist": "5 Seconds of Summer",
      "album": "Youngblood",
      "track": "Moving Along",
      "uri": "spotify:track:4UQajPk0EPvbwWTl0fYi4C"
    },
    {
      "artist": "Salt-N-Pepa",
      "album": "The Very Best of En Vogue",
      "track": "Whatta Man (feat. En Vogue) - EP Version",
      "uri": "spotify:track:52FpkyImUt9LDI9mCWDryr"
    },
    {
      "artist": "Khalid",
      "album": "American Teen",
      "track": "Young Dumb & Broke",
      "uri": "spotify:track:5Z3GHaZ6ec9bsiI5BenrbY"
    },
    {
      "artist": "Welshly Arms",
      "album": "No Place Is Home",
      "track": "Legendary",
      "uri": "spotify:track:2bDENJyfbxj0neGiXUFvIX"
    },
    {
      "artist": "AJ Mitchell",
      "album": "All My Friends",
      "track": "All My Friends",
      "uri": "spotify:track:5Xq7KPZSONkhHx6DFTAbTz"
    },
    {
      "artist": "The Score",
      "album": "Top Of The World",
      "track": "Top Of The World",
      "uri": "spotify:track:0O7ZVuxzpCYbuZHEOm3jZJ"
    },
    {
      "artist": "Shankar-Ehsaan-Loy",
      "album": "Kabhi Alvida Naa Kehna (Original Motion Picture Soundtrack)",
      "track": "Rock N Roll Soniye",
      "uri": "spotify:track:0W1eHrIACKah9l0Q9v611q"
    },
    {
      "artist": "Listener Kids",
      "album": "Let It Shine",
      "track": "This Little Light of Mine (feat. Harvest)",
      "uri": "spotify:track:3BEiMgAu4we1APkIHv8euA"
    },
    {
      "artist": "Charlie Puth",
      "album": "Voicenotes",
      "track": "Attention",
      "uri": "spotify:track:5cF0dROlMOK5uNZtivgu50"
    },
    {
      "artist": "HUTS",
      "album": "Nobody Else",
      "track": "Nobody Else",
      "uri": "spotify:track:2EQDmwXfVcFmQ6ApfA8td0"
    },
    {
      "artist": "Lizzo",
      "album": "Cuz I Love You",
      "track": "Cuz I Love You",
      "uri": "spotify:track:6YdQgWSpsxhVeX6Xmv3IFJ"
    },
    {
      "artist": "The Chainsmokers",
      "album": "Memories...Do Not Open",
      "track": "It Won't Kill Ya",
      "uri": "spotify:track:5xhJmd0I15jFcEdqxfCzKk"
    },
    {
      "artist": "Loote",
      "album": "single.",
      "track": "Wish I Never Met You",
      "uri": "spotify:track:6Wrx0ZDaB3dxBDl1ZnddXT"
    },
    {
      "artist": "Lewis Capaldi",
      "album": "Divinely Uninspired To A Hellish Extent",
      "track": "Hold Me While You Wait",
      "uri": "spotify:track:60iSKGrGazRzICtMjADNSM"
    },
    {
      "artist": "Matt Hartke",
      "album": "Goodbye Belongs to You",
      "track": "Goodbye Belongs to You",
      "uri": "spotify:track:4S0ArvMnn2qbEC0LDZboDy"
    },
    {
      "artist": "Alec Benjamin",
      "album": "Older",
      "track": "Older",
      "uri": "spotify:track:4qeHV9T5N3S7KAKryZQp8s"
    },
    {
      "artist": "When Chai Met Toast",
      "album": "Yellow Paper Daisy",
      "track": "Yellow Paper Daisy",
      "uri": "spotify:track:5aQe0faFOjeskrHwpleXLJ"
    },
    {
      "artist": "G.E.M.",
      "album": "倒數",
      "track": "倒數",
      "uri": "spotify:track:2HmM5p02Q2qrYZvXJRLVx3"
    },
    {
      "artist": "Seals and Crofts",
      "album": "Seals & Crofts' Greatest Hits",
      "track": "Summer Breeze",
      "uri": "spotify:track:01UYpHuzHi4eB9PAbDoPY2"
    },
    {
      "artist": "John K",
      "album": "love + everything else",
      "track": "parachute",
      "uri": "spotify:track:4QvSA3gQn7DAWEwuEdHBAt"
    },
    {
      "artist": "Hayley Kiyoko",
      "album": "I'm Too Sensitive For This Shit",
      "track": "Demons",
      "uri": "spotify:track:0V93bON7wh29gDWYD1AAo5"
    },
    {
      "artist": "Shankar-Ehsaan-Loy",
      "album": "Bhaag Milkha Bhaag (Original Motion Picture Soundtrack)",
      "track": "Mera Yaar",
      "uri": "spotify:track:2NECp5Tvb5Lm6TbJf0Y8xI"
    },
    {
      "artist": "Lauv",
      "album": "I met you when I was 18. (the playlist)",
      "track": "Never Not",
      "uri": "spotify:track:4fFfyouye6vrX9o9z4PVMu"
    },
    {
      "artist": "Alan Walker",
      "album": "The Spectre",
      "track": "The Spectre",
      "uri": "spotify:track:2DGa7iaidT5s0qnINlwMjJ"
    },
    {
      "artist": "Bruno Mars",
      "album": "Doo-Wops & Hooligans",
      "track": "Marry You",
      "uri": "spotify:track:6SKwQghsR8AISlxhcwyA9R"
    },
    {
      "artist": "Polina Gagarina",
      "album": "Попроси у облаков (2018 Version)",
      "track": "Колыбельная",
      "uri": "spotify:track:7pyj6TDb2sSi5tAR96veDt"
    },
    {
      "artist": "Twin Strings",
      "album": "Dhalti Rahe - Single",
      "track": "Dhalti Rahe",
      "uri": "spotify:track:7ztSVy67w9rXpKg5L2zN5l"
    },
    {
      "artist": "Em Beihold",
      "album": "Numb Little Bug",
      "track": "Numb Little Bug",
      "uri": "spotify:track:3o9kpgkIcffx0iSwxhuNI2"
    },
    {
      "artist": "MEMBA",
      "album": "For Aisha (Featured in \"The Sky Is Pink\")",
      "track": "For Aisha (Featured in \"The Sky Is Pink\")",
      "uri": "spotify:track:6rfahvufEQDIVTHJIU2QQB"
    },
    {
      "artist": "Taylor Swift",
      "album": "Red",
      "track": "I Knew You Were Trouble.",
      "uri": "spotify:track:3lKZf71jeNi14udIFPJ29V"
    },
    {
      "artist": "Vishal-Shekhar",
      "album": "Hasee Toh Phasee (Original Motion Picture Soundtrack)",
      "track": "Manchala",
      "uri": "spotify:track:3zAXHUL5YcYOA41rruvjy4"
    },
    {
      "artist": "Alec Benjamin",
      "album": "Narrated For You",
      "track": "Water Fountain",
      "uri": "spotify:track:4IhKLu7Vk3j2TLmnFPl6To"
    },
    {
      "artist": "suggi",
      "album": "cheer up!",
      "track": "fuck u, goodluck.",
      "uri": "spotify:track:62JPi629msUv8wotWAChOY"
    },
    {
      "artist": "Shawn Mendes",
      "album": "Handwritten",
      "track": "Stitches",
      "uri": "spotify:track:3zkWCteF82vJwv0hRLba76"
    },
    {
      "artist": "Royal Deluxe",
      "album": "Born for This",
      "track": "I'm A Wanted Man",
      "uri": "spotify:track:1q5n4SZTuJ6Vk710HkitdB"
    },
    {
      "artist": "Lewis Capaldi",
      "album": "Spotify Singles",
      "track": "Hold Me While You Wait - Recorded at Spotify Studios NYC",
      "uri": "spotify:track:4XJ2SmdXNTkMkkx6PFPU8m"
    },
    {
      "artist": "Zara Larsson",
      "album": "So Good",
      "track": "TG4M",
      "uri": "spotify:track:4uoumbAMEMaKdtiv763jKz"
    },
    {
      "artist": "Rahat Fateh Ali Khan",
      "album": "Veer",
      "track": "Surili Akhiyon Wale (Duet)",
      "uri": "spotify:track:5dnZmNRUQxT4T2703lFn3W"
    },
    {
      "artist": "Mokita",
      "album": "With You",
      "track": "With You",
      "uri": "spotify:track:5Lu0vv78RmKZeBPpP1N8za"
    },
    {
      "artist": "Post Malone",
      "album": "Hollywood's Bleeding",
      "track": "Circles",
      "uri": "spotify:track:21jGcNKet2qwijlDFuPiPb"
    },
    {
      "artist": "Bazzi",
      "album": "Soul Searching",
      "track": "Paradise",
      "uri": "spotify:track:0Rx0DJI556Ix5gBny6EWmn"
    },
    {
      "artist": "Tai Verdes",
      "album": "TV",
      "track": "DRUGS",
      "uri": "spotify:track:2NB2X14uGzu62fvLwNZfCV"
    },
    {
      "artist": "Conan Gray",
      "album": "Superache",
      "track": "Disaster",
      "uri": "spotify:track:3SWGtKHaCFEUqfm9ydUFVw"
    },
    {
      "artist": "Danny Zee",
      "album": "Udh Chaliye - Single",
      "track": "Udh Chaliye",
      "uri": "spotify:track:7mIYFNLw860G5C4Uq6yHG8"
    },
    {
      "artist": "Taylor Swift",
      "album": "Lover",
      "track": "Cruel Summer",
      "uri": "spotify:track:1BxfuPKGuaTgP7aM0Bbdwr"
    },
    {
      "artist": "R. City",
      "album": "What Dreams Are Made Of",
      "track": "Locked Away (feat. Adam Levine)",
      "uri": "spotify:track:7x5xYW5W42OGPAdHUyyguy"
    },
    {
      "artist": "Daya",
      "album": "Sit Still, Look Pretty",
      "track": "Hide Away",
      "uri": "spotify:track:4Z3qm2aWGTJuJKnv3EWwyD"
    },
    {
      "artist": "Billie Eilish",
      "album": "lovely (with Khalid)",
      "track": "lovely (with Khalid)",
      "uri": "spotify:track:0u2P5u6lvoDfwTYjAADbn4"
    },
    {
      "artist": "Edison Lighthouse",
      "album": "Love Grows (Where My Rosemary Goes) & Other Gems",
      "track": "Love Grows (Where My Rosemary Goes)",
      "uri": "spotify:track:5Ts1DYOuouQLgzTaisxWYh"
    },
    {
      "artist": "John K",
      "album": "love + everything else",
      "track": "parachute",
      "uri": "spotify:track:1Qnem0n5mu1RCta0TpLr2i"
    },
    {
      "artist": "Camila Cabello",
      "album": "Romance",
      "track": "Bad Kind of Butterflies",
      "uri": "spotify:track:0Q2kFlgnqusKAqCDpCKAIY"
    },
    {
      "artist": "Lewis Capaldi",
      "album": "Rush (feat. Jessie Reyez)",
      "track": "Rush (feat. Jessie Reyez)",
      "uri": "spotify:track:7tTRP2vA00uScZ4SjB3ZQZ"
    },
    {
      "artist": "Little Mix",
      "album": "Glory Days",
      "track": "Dear Lover",
      "uri": "spotify:track:2wQuvFxL1UKwsqJHYyDa6a"
    },
    {
      "artist": "The Vamps",
      "album": "Night & Day",
      "track": "Paper Hearts",
      "uri": "spotify:track:6PO0Csgktefy7BDb0zq8xU"
    },
    {
      "artist": "Lauv",
      "album": "~how i'm feeling~",
      "track": "Lonely Eyes",
      "uri": "spotify:track:5qhHm4dN4L2dhRb2TfzGPw"
    },
    {
      "artist": "girl in red",
      "album": "if i could make it go quiet",
      "track": "Serotonin",
      "uri": "spotify:track:16MneRxNQpHK250NaIo3bg"
    },
    {
      "artist": "James Bay",
      "album": "Oh My Messy Mind",
      "track": "Peer Pressure",
      "uri": "spotify:track:4RE3vueod5PL48rvHtuu9C"
    },
    {
      "artist": "Imagine Dragons",
      "album": "Evolve",
      "track": "Walking The Wire",
      "uri": "spotify:track:1y3bE5i57eUm3hfLAc7h08"
    },
    {
      "artist": "Elina",
      "album": "Paper Planes",
      "track": "Paper Planes",
      "uri": "spotify:track:5GzgEC6pWf1USZsCtkG8yC"
    },
    {
      "artist": "ODIE",
      "album": "Analogue",
      "track": "Little Lies",
      "uri": "spotify:track:6QpZXzHcOgXK41Y3YCx203"
    },
    {
      "artist": "Mahalakshmi Iyer",
      "album": "Patiala House",
      "track": "Laung Da Lashkara",
      "uri": "spotify:track:5pQODzb8j3xMQ1qvrQXJvo"
    },
    {
      "artist": "Kelsea Ballerini",
      "album": "Unapologetically",
      "track": "Miss Me More",
      "uri": "spotify:track:6HdZquZOX4YcDlAP7GKD2A"
    },
    {
      "artist": "Ed Sheeran",
      "album": "No.6 Collaborations Project",
      "track": "South of the Border (feat. Camila Cabello & Cardi B)",
      "uri": "spotify:track:4vUmTMuQqjdnvlZmAH61Qk"
    },
    {
      "artist": "PRETTYMUCH",
      "album": "Summer on You",
      "track": "Summer on You",
      "uri": "spotify:track:07ipXN6CNTw34qwSYePKpg"
    },
    {
      "artist": "Prem Dhillon Ft. Sidhu Moosewala",
      "album": "Old Skool",
      "track": "Old Skool",
      "uri": "spotify:track:76IXpU3ve4gHmvcduUN88d"
    },
    {
      "artist": "Rival",
      "album": "Willow Tree",
      "track": "Willow Tree",
      "uri": "spotify:track:6J9OBBRpR4JZqUkewgDjsS"
    }
  ],
  "albums": [
    {
      "artist": "Imagine Dragons",
      "album": "Origins",
      "uri": "spotify:album:3JfSxDfmwS5OeHPwLSkrfr"
    },
    {
      "artist": "88rising",
      "album": "Shang-Chi and The Legend of The Ten Rings: The Album",
      "uri": "spotify:album:2kAqjStKcwlDD59H0llhGC"
    },
    {
      "artist": "5 Seconds of Summer",
      "album": "CALM",
      "uri": "spotify:album:46K4raQPIGem3N031upNj9"
    },
    {
      "artist": "Craig David",
      "album": "Born to Do It",
      "uri": "spotify:album:5TedEgCbtmvDnXzUtXEFJY"
    },
    {
      "artist": "The Local Train",
      "album": "Aalas Ka Pedh",
      "uri": "spotify:album:4U2xdJPJfGo2HofVpSynwO"
    },
    {
      "artist": "Lewis Capaldi",
      "album": "Divinely Uninspired To A Hellish Extent",
      "uri": "spotify:album:2wiPF3m0ylst0JSk1IvZL8"
    },
    {
      "artist": "Various Artists",
      "album": "Check That ! Ultimate Bollywood Remix",
      "uri": "spotify:album:6Kobow8BxHtkicu4DSI8Ce"
    },
    {
      "artist": "Various Artists",
      "album": "Nautanki Saala !",
      "uri": "spotify:album:1QpPhM0ZUV9OX1bfHYMJxV"
    },
    {
      "artist": "Maroon 5",
      "album": "JORDI",
      "uri": "spotify:album:1pCA38N6MkLlthXtAOvZTU"
    },
    {
      "artist": "Zara Larsson",
      "album": "So Good",
      "uri": "spotify:album:5YLRVHDVRw3QqWbeTGpC5B"
    },
    {
      "artist": "The Score",
      "album": "Chrysalis",
      "uri": "spotify:album:5pXpUs3iFvHtERCkLkrEIi"
    },
    {
      "artist": "Shankar-Ehsaan-Loy",
      "album": "Bhaag Milkha Bhaag (Original Motion Picture Soundtrack)",
      "uri": "spotify:album:3m5FIubiCHr9mH3BU7ngY4"
    },
    {
      "artist": "The Score",
      "album": "Big Dreams",
      "uri": "spotify:album:5nQ2jtEiXFlTyi5nN8NyMT"
    },
    {
      "artist": "NIKI",
      "album": "lowkey",
      "uri": "spotify:album:6a1p03zluxNwXTVdm9IStw"
    },
    {
      "artist": "The Chainsmokers",
      "album": "World War Joy",
      "uri": "spotify:album:01GR4NL5O5CZM51k0aejKD"
    },
    {
      "artist": "Pritam",
      "album": "Cocktail",
      "uri": "spotify:album:6Wu6m82JvVQvsa3kRhRebR"
    },
    {
      "artist": "Various Artists",
      "album": "Begin Again - Music From And Inspired By The Original Motion Picture",
      "uri": "spotify:album:2fKvStJ1UkXMkf5kzBp3DQ"
    },
    {
      "artist": "Social House",
      "album": "Magic In The Hamptons (feat. Lil Yachty)",
      "uri": "spotify:album:3p81zUBFZ3zdzxceXKeVSK"
    },
    {
      "artist": "Pritam",
      "album": "Ajab Prem Ki Ghazab Kahani",
      "uri": "spotify:album:13t8iDyl1vkhPcO3Zl29a9"
    },
    {
      "artist": "Jonas Blue",
      "album": "Blue",
      "uri": "spotify:album:2xZSrcBmvMw9Y8hac6xU7L"
    },
    {
      "artist": "The Score",
      "album": "ATLAS",
      "uri": "spotify:album:2estDSavGQ2q3IHLbzxkSE"
    },
    {
      "artist": "Tate McRae",
      "album": "TOO YOUNG TO BE SAD",
      "uri": "spotify:album:1BaHo66NCQNx6ku0hPn9bR"
    },
    {
      "artist": "Jonah Kagen",
      "album": "Broken",
      "uri": "spotify:album:2p0wIeEZOvOp61z7nrACjC"
    },
    {
      "artist": "P!nk",
      "album": "A Million Dreams",
      "uri": "spotify:album:6MtlLy42YdFaJNOgDA0NZW"
    },
    {
      "artist": "Coldplay",
      "album": "Parachutes",
      "uri": "spotify:album:6ZG5lRT77aJ3btmArcykra"
    },
    {
      "artist": "5 Seconds of Summer",
      "album": "Youngblood",
      "uri": "spotify:album:2D0Hi3Jj6RFnpWDcSa0Otu"
    },
    {
      "artist": "Parmish Verma",
      "album": "Do Gabru - Mankirt Aulakh & Parmish Verma",
      "uri": "spotify:album:0Ji5SCEQygBxG0l5GK9xNF"
    },
    {
      "artist": "The Chainsmokers",
      "album": "Sick Boy",
      "uri": "spotify:album:6ZvDJs17O3woQirttKRYCG"
    },
    {
      "artist": "Ed Sheeran",
      "album": "÷",
      "uri": "spotify:album:3T4tUhGYeRNVUGevb0wThu"
    }
  ],
  "shows": [
  ],
  "episodes": [
  ],
  "bannedTracks": [
  ],
  "artists": [
    {
      "name": "*NSYNC",
      "uri": "spotify:artist:6Ff53KvcvAj5U7Z1vojB5o"
    },
    {
      "name": "5 Seconds of Summer",
      "uri": "spotify:artist:5Rl15oVamLq7FbSb0NNBNy"
    },
    {
      "name": "A.R. Rahman",
      "uri": "spotify:artist:1mYsTxnqsietFxj1OgoGbG"
    },
    {
      "name": "Adam Levine",
      "uri": "spotify:artist:4bYPcJP5jwMhSivRcqie2n"
    },
    {
      "name": "Aditya Rikhari",
      "uri": "spotify:artist:3ozYqVCLohfpXIhalkhM8D"
    },
    {
      "name": "Akon",
      "uri": "spotify:artist:0z4gvV4rjIZ9wHck67ucSV"
    },
    {
      "name": "Alan Walker",
      "uri": "spotify:artist:7vk5e3vY1uw9plTHJAMwjN"
    },
    {
      "name": "Alec Benjamin",
      "uri": "spotify:artist:5IH6FPUwQTxPSXurCrcIov"
    },
    {
      "name": "Ali Gatie",
      "uri": "spotify:artist:4rTv3Ejc7hKMtmoBOK1B4T"
    },
    {
      "name": "Amit Trivedi",
      "uri": "spotify:artist:7HCqGPJcQTyGJ2yqntbuyr"
    },
    {
      "name": "Anne-Marie",
      "uri": "spotify:artist:1zNqDE7qDGCsyzJwohVaoX"
    },
    {
      "name": "Anuv Jain",
      "uri": "spotify:artist:4gdMJYnopf2nEUcanAwstx"
    },
    {
      "name": "Arijit Singh",
      "uri": "spotify:artist:4YRxDV8wJFPHPTeXepOstw"
    },
    {
      "name": "Atif Aslam",
      "uri": "spotify:artist:2oSONSC9zQ4UonDKnLqksx"
    },
    {
      "name": "Avicii",
      "uri": "spotify:artist:1vCWHaC5f2uS3yhpwWbIA6"
    },
    {
      "name": "Avneet Khurmi",
      "uri": "spotify:artist:7rERwwZjVrbtBI1Ylozwi1"
    },
    {
      "name": "Backstreet Boys",
      "uri": "spotify:artist:5rSXSAkZ67PYJSvpUpkOr7"
    },
    {
      "name": "Billie Eilish",
      "uri": "spotify:artist:6qqNVTkY8uBg9cP3Jd7DAH"
    },
    {
      "name": "BoyWithUke",
      "uri": "spotify:artist:1Cd373x8qzC7SNUg5IToqp"
    },
    {
      "name": "Bruno Mars",
      "uri": "spotify:artist:0du5cEVh5yTK9QJze8zA0C"
    },
    {
      "name": "BØRNS",
      "uri": "spotify:artist:1KP6TWI40m7p3QBTU6u2xo"
    },
    {
      "name": "Camila Cabello",
      "uri": "spotify:artist:4nDoRrQiYLoBzwC5BhVJzF"
    },
    {
      "name": "Charlie Puth",
      "uri": "spotify:artist:6VuMaDnrHyPL1p4EHjYLi7"
    },
    {
      "name": "Cigarettes After Sex",
      "uri": "spotify:artist:1QAJqy2dA3ihHBFIHRphZj"
    },
    {
      "name": "Coldplay",
      "uri": "spotify:artist:4gzpq5DPGxSnKTe4SA8HAU"
    },
    {
      "name": "Color Music Choir",
      "uri": "spotify:artist:1zM06NaMD6eQPeRGXKzrwt"
    },
    {
      "name": "Conan Gray",
      "uri": "spotify:artist:4Uc8Dsxct0oMqx0P6i60ea"
    },
    {
      "name": "Craig David",
      "uri": "spotify:artist:2JyWXPbkqI5ZJa3gwqVa0c"
    },
    {
      "name": "Diljit Dosanjh",
      "uri": "spotify:artist:2FKWNmZWDBZR4dE5KX4plR"
    },
    {
      "name": "Dua Lipa",
      "uri": "spotify:artist:6M2wZ9GZgrQXHCFfjv46we"
    },
    {
      "name": "Ed Sheeran",
      "uri": "spotify:artist:6eUKZXaKkcviH0Ku9w2n3V"
    },
    {
      "name": "Ellie Goulding",
      "uri": "spotify:artist:0X2BH1fck6amBIoJhDVmmJ"
    },
    {
      "name": "FITZ",
      "uri": "spotify:artist:7FgfVur1vT0yQyKIi0feNB"
    },
    {
      "name": "Frawley",
      "uri": "spotify:artist:0Ey8TMIVvT6OSYiblEuyMh"
    },
    {
      "name": "Garry Sandhu",
      "uri": "spotify:artist:7M3xY5iHSzEtoL3FpqOD75"
    },
    {
      "name": "Hailee Steinfeld",
      "uri": "spotify:artist:5p7f24Rk5HkUZsaS3BLG5F"
    },
    {
      "name": "Halsey",
      "uri": "spotify:artist:26VFTg2z8YR0cCuwLzESi2"
    },
    {
      "name": "Harrdy Sandhu",
      "uri": "spotify:artist:4ITkqBlf5eoVCOFwsJCnqo"
    },
    {
      "name": "Hayley Kiyoko",
      "uri": "spotify:artist:3LjhVl7GzYsza1biQjTpaN"
    },
    {
      "name": "Imagine Dragons",
      "uri": "spotify:artist:53XhwfbYqKCa1cC15pYq2q"
    },
    {
      "name": "JP Saxe",
      "uri": "spotify:artist:66W9LaWS0DPdL7Sz8iYGYe"
    },
    {
      "name": "Jack & Jack",
      "uri": "spotify:artist:1INuLZXjjVbcJRyWvD1iSq"
    },
    {
      "name": "James Arthur",
      "uri": "spotify:artist:4IWBUUAFIplrNtaOHcJPRM"
    },
    {
      "name": "James Bay",
      "uri": "spotify:artist:4EzkuveR9pLvDVFNx6foYD"
    },
    {
      "name": "Jasleen Royal",
      "uri": "spotify:artist:74OaRjmyh0XyRZsQQQ5l7c"
    },
    {
      "name": "Jasmine Sandlas",
      "uri": "spotify:artist:0mJDQBWytBhOh5JB1DOQ1c"
    },
    {
      "name": "Jassie Gill",
      "uri": "spotify:artist:3xZnxcyeC0vVaJvEA9VqrA"
    },
    {
      "name": "John Legend",
      "uri": "spotify:artist:5y2Xq6xcjJb2jVM54GHK3t"
    },
    {
      "name": "Jonas Blue",
      "uri": "spotify:artist:1HBjj22wzbscIZ9sEb5dyf"
    },
    {
      "name": "Julia Michaels",
      "uri": "spotify:artist:0ZED1XzwlLHW4ZaG4lOT6m"
    },
    {
      "name": "Justin Bieber",
      "uri": "spotify:artist:1uNFoZAHBGtllmzznpCI3s"
    },
    {
      "name": "Karan Aujla",
      "uri": "spotify:artist:6DARBhWbfcS9E4yJzcliqQ"
    },
    {
      "name": "Karthik Rao",
      "uri": "spotify:artist:3aAy6jFZLqqDUlMGSZcyaZ"
    },
    {
      "name": "Katy Perry",
      "uri": "spotify:artist:6jJ0s89eD6GaHleKKya26X"
    },
    {
      "name": "Kelsea Ballerini",
      "uri": "spotify:artist:3RqBeV12Tt7A8xH3zBDDUF"
    },
    {
      "name": "Khalid",
      "uri": "spotify:artist:6LuN9FCkKOj5PcnpouEgny"
    },
    {
      "name": "Kygo",
      "uri": "spotify:artist:23fqKkggKUBHNkbKtXEls4"
    },
    {
      "name": "Lauv",
      "uri": "spotify:artist:5JZ7CnR6gTvEMKX4g70Amv"
    },
    {
      "name": "Lewis Capaldi",
      "uri": "spotify:artist:4GNC7GD6oZMSxPGyXy4MNB"
    },
    {
      "name": "Liam Payne",
      "uri": "spotify:artist:5pUo3fmmHT8bhCyHE52hA6"
    },
    {
      "name": "Linkin Park",
      "uri": "spotify:artist:6XyY86QOPPrYVGvF9ch6wz"
    },
    {
      "name": "Lukas Graham",
      "uri": "spotify:artist:25u4wHJWxCA9vO0CzxAbK7"
    },
    {
      "name": "Lyan Paris",
      "uri": "spotify:artist:3KmJs3ery3PJQuQQ5FOllC"
    },
    {
      "name": "Macklemore",
      "uri": "spotify:artist:3JhNCzhSMTxs9WLGJJxWOY"
    },
    {
      "name": "Madilyn Bailey",
      "uri": "spotify:artist:0NxhAEPOSeCg6vypFr7yjU"
    },
    {
      "name": "Mankirt Aulakh",
      "uri": "spotify:artist:3uHUKCspaCzAab9A3LlGAr"
    },
    {
      "name": "Maroon 5",
      "uri": "spotify:artist:04gDigrS5kc9YWfZHwBETP"
    },
    {
      "name": "Marshmello",
      "uri": "spotify:artist:64KEffDW9EtZ1y2vBYgq8T"
    },
    {
      "name": "Matoma",
      "uri": "spotify:artist:4YXycRbyyAE0wozTk7QMEq"
    },
    {
      "name": "Matt Maeson",
      "uri": "spotify:artist:7gHscNMDI8FF8pcgrV8eIn"
    },
    {
      "name": "Niall Horan",
      "uri": "spotify:artist:1Hsdzj7Dlq2I7tHP7501T4"
    },
    {
      "name": "Nick Jonas",
      "uri": "spotify:artist:4Rxn7Im3LGfyRkY2FlHhWi"
    },
    {
      "name": "Nucleya",
      "uri": "spotify:artist:2CkrXQPoBz8jTQ3u0ZeLPh"
    },
    {
      "name": "Nusrat Fateh Ali Khan",
      "uri": "spotify:artist:5HcunTidTUrOaf8V0iJcvl"
    },
    {
      "name": "OneRepublic",
      "uri": "spotify:artist:5Pwc4xIPtQLFEnJriah9YJ"
    },
    {
      "name": "PRETTYMUCH",
      "uri": "spotify:artist:5Y8eJDj37KhaEeqbVO7Ag1"
    },
    {
      "name": "Parmish Verma",
      "uri": "spotify:artist:3OQRPFFS3OsltFjFAXu1kE"
    },
    {
      "name": "Pav Dharia",
      "uri": "spotify:artist:0j2LQCxHNcJdkuJRa8KEp5"
    },
    {
      "name": "Peter Bradley Adams",
      "uri": "spotify:artist:0CdbG1eHVjqjkQsGoH2u1V"
    },
    {
      "name": "Pharrell Williams",
      "uri": "spotify:artist:2RdwBSPQiwcmiDo9kixcl8"
    },
    {
      "name": "Piyush Mishra",
      "uri": "spotify:artist:1EzHkoB4160h1B1xAyXSUR"
    },
    {
      "name": "Porsche Love",
      "uri": "spotify:artist:5yqxqwMiLwc8876vZQe8qX"
    },
    {
      "name": "Post Malone",
      "uri": "spotify:artist:246dkjvS1zLTtiykXe5h60"
    },
    {
      "name": "Prateek Kuhad",
      "uri": "spotify:artist:0tC995Rfn9k2l7nqgCZsV7"
    },
    {
      "name": "Rahat Fateh Ali Khan",
      "uri": "spotify:artist:3OLGltG8UPIea8sA4w0yg0"
    },
    {
      "name": "Ritviz",
      "uri": "spotify:artist:72beYOeW2sb2yfcS4JsRvb"
    },
    {
      "name": "Sam Smith",
      "uri": "spotify:artist:2wY79sveU1sp5g7SokKOiI"
    },
    {
      "name": "Selena Gomez",
      "uri": "spotify:artist:0C8ZW7ezQVs4URX5aX7Kqx"
    },
    {
      "name": "Shankar-Ehsaan-Loy",
      "uri": "spotify:artist:0L5GV6LN8SWWUWIdBbTLTZ"
    },
    {
      "name": "Shawn Mendes",
      "uri": "spotify:artist:7n2wHs1TKAczGzO7Dd2rGr"
    },
    {
      "name": "Social House",
      "uri": "spotify:artist:5UjifI1TYefXWn9GdqDOHl"
    },
    {
      "name": "Stephen Dawes",
      "uri": "spotify:artist:3jTU1IOqkO7Mz4zdbXPose"
    },
    {
      "name": "Taba Chake",
      "uri": "spotify:artist:6AnOY77z51J14nEUVsFKTy"
    },
    {
      "name": "Tarsem Jassar",
      "uri": "spotify:artist:67XQGZSc63AMXMINY8H7Fx"
    },
    {
      "name": "Tate McRae",
      "uri": "spotify:artist:45dkTj5sMRSjrmBSBeiHym"
    },
    {
      "name": "Taylor Swift",
      "uri": "spotify:artist:06HL4z0CvFAxyc27GXpf02"
    },
    {
      "name": "The Cab",
      "uri": "spotify:artist:2C2sVVXanbOpymYBMpsi89"
    },
    {
      "name": "The Chainsmokers",
      "uri": "spotify:artist:69GGBxA162lTqCwzJG5jLp"
    },
    {
      "name": "The Local Train",
      "uri": "spotify:artist:7b6Ui7JVaBDEfZB9k6nHL0"
    },
    {
      "name": "The Lumineers",
      "uri": "spotify:artist:16oZKvXb6WkQlVAjwo2Wbg"
    },
    {
      "name": "The Score",
      "uri": "spotify:artist:2q3GG88dVwuQPF4FmySr9I"
    },
    {
      "name": "The Vamps",
      "uri": "spotify:artist:7gAppWoH7pcYmphCVTXkzs"
    },
    {
      "name": "Trinity (NL)",
      "uri": "spotify:artist:3SDefVlv5kSzaP5QYZTSMx"
    },
    {
      "name": "Twenty One Pilots",
      "uri": "spotify:artist:3YQKmKGau1PzlVlkL1iodx"
    },
    {
      "name": "Vishal-Shekhar",
      "uri": "spotify:artist:6Mv8GjQa7LKUGCAqa9qqdb"
    },
    {
      "name": "Westpark",
      "uri": "spotify:artist:70jQ086ZBzH4094WO1BHDb"
    },
    {
      "name": "When Chai Met Toast",
      "uri": "spotify:artist:04hYGGSjYtLekuuJXEGrIl"
    },
    {
      "name": "Who Is Fancy",
      "uri": "spotify:artist:5QSx2vpiSchSeCwc0qmfNI"
    },
    {
      "name": "Why Don't We",
      "uri": "spotify:artist:2jnIB6XdLvnJUeNTy5A0J2"
    },
    {
      "name": "Zara Larsson",
      "uri": "spotify:artist:1Xylc3o4UrD53lo9CvFvVg"
    },
    {
      "name": "Zendaya",
      "uri": "spotify:artist:6sCbFbEjbYepqswM1vWjjs"
    },
    {
      "name": "benny blanco",
      "uri": "spotify:artist:5CiGnKThu5ctn9pBxv7DGa"
    },
    {
      "name": "girl in red",
      "uri": "spotify:artist:3uwAm6vQy7kWPS2bciKWx9"
    }
  ],
  "bannedArtists": [
  ],
  "other": [
  ]
}